text,Valence_Mean,Arousal_Mean,Valence_SD,Arousal_SD
这是我观赏过的最令人惊叹的演出,7.0,7.75,0.0,0.433
每一样都美好得不可思议,7.75,7.4,0.433,1.2
我想不出合适的词来形容她,4.5,4.75,0.5,1.09
语言不能描述她,5.5,4.6,0.5,1.855
我觉得我们共同对神献上礼赞,7.333,6.333,1.247,1.7
但看完你的留言感觉超弱,3.667,5.667,0.471,0.943
历史上我还真找不到有那一位成功者是每天开会,4.0,4.0,0.707,2.236
民主先生们该好好思考了,5.667,4.667,0.471,0.471
与运动神经拔群的模特体型美少女,6.25,5.25,0.433,0.433
原本过著和平的高中生活的两人,5.667,5.333,0.471,1.247
迷路到了从未到过的土地,5.0,4.0,0.0,2.121
世界瑜珈大赛七强,6.667,5.667,1.247,1.247
不管是露基梅还是抱枕套只要有克莱的脸就90分起跳,7.0,6.0,0.0,0.0
在没有任何实证其数学能力的情况下,5.0,3.5,0.0,0.5
获得89万名考官的认可,6.667,4.667,0.943,0.471
而手的姿势又可以表达很多不同的感觉,6.0,5.0,0.707,0.816
基隆市长施政满意破七成,6.5,4.6,0.5,1.855
高雄市民你们怎么不会感到愤怒啊,3.0,6.6,0.0,0.49
工作缴税让这种人浪费你们的时间跟金钱,2.6,7.5,0.49,0.866
市长的工作都没有做,3.5,6.5,0.5,0.5
不仔细看会以为这地铁站叫,5.0,4.0,0.0,2.0
朱社长又在脸书骂小英没有履行承诺,3.5,5.333,0.5,0.471
让台湾人不用为身分认同道歉,7.0,4.25,0.707,1.785
我不懂他们说的电波是什么意思,4.333,4.333,0.471,0.471
所以无法跟不熟的人很放心的聊天,4.0,4.5,0.0,0.5
询问后才知道他是被用某个特定称呼喊到厌烦,3.6,4.0,0.49,0.707
一切诸佛所护念?,5.0,3.25,0.0,1.92
或许在我们该该叫的那晚复活的事情早就决定了吧,5.4,5.5,0.49,1.118
河村隆一演出充满温暖,7.667,5.667,0.471,1.886
两者根本毫无区别,4.333,6.333,0.471,1.247
一样孩子般的笑声,6.0,3.0,0.0,0.816
12个自然人股东均为集团的创始人,5.333,3.333,0.471,1.7
自愿签署捐赠协议,6.25,4.75,0.433,0.433
协议要求这些自然人股东在离职或死亡的情况下,4.0,4.0,0.0,0.0
打从一开始你就接受我真实的样子,7.0,5.25,0.707,0.829
负面的样子都能爱著我,6.0,4.0,0.816,2.16
直到你告诉我你感到压力,4.0,2.667,1.0,0.943
他把自己经历的事件遇见的人,5.0,4.333,0.0,0.471
都用没有情绪的口吻描述在小说里,4.5,4.5,0.5,0.866
甚么心灵量子宇宙能量场的你一分钟就失去了六十秒真是不得了,5.0,7.0,0.0,0.0
感恩老师教会我学习独处,7.0,5.75,0.0,0.829
得到宁静的力量等等,5.667,2.667,0.471,0.943
独处还需要花学费学习,4.0,6.5,0.0,0.5
之前裙子的我也有突然换色的经验耶,5.5,5.75,0.5,1.299
但是没过多久又变回一开始看到的颜色,4.5,4.5,0.5,0.5
但却突然就换颜色了,4.0,5.5,0.0,1.118
但当时还是不管怎么看都是灰绿,4.0,3.0,1.0,2.0
也说不定明天就会变回灰绿了,4.0,5.0,0.0,0.816
但这感觉真的有够奇怪,4.0,5.667,0.0,0.471
被同事说很会安慰人,6.6,4.4,0.49,1.744
因为挤牙膏自己压到手结果流血,4.25,5.75,0.433,0.433
的群嘲仇恨给拉走,3.4,4.8,0.49,1.6
普通的生活真的很珍贵的,6.333,5.0,0.943,1.414
但是居然一个礼物,5.5,6.333,0.5,0.471
久病床前无孝子,2.6,4.4,0.49,2.577
痛失稚子的总统,3.5,3.5,0.5,1.118
竟独自奔赴墓园,4.0,7.0,0.816,0.816
我突然渴望他认识我,6.0,6.0,0.816,2.449
快乐的待在现友同温层,7.0,6.667,0.816,0.471
然后这一年多才突然感觉到自己真的在玩同人了,5.0,4.667,0.0,1.7
之前到底在干嘛,3.667,6.667,0.943,1.247
真的很难以置信,5.0,6.75,0.0,0.433
结束哭因为那种离别的感觉太真实了,3.667,7.333,0.943,0.471
一幅画作被美国高阶鉴价师鉴价一千三百万美元,6.0,6.0,0.894,1.871
就是以前曾经那么喜欢的东西,4.0,3.0,0.0,0.0
为什么自己现在可以这么毅然的舍弃,4.333,4.0,0.471,1.414
台湾无法容忍这种和秃头韩一样的废物,2.75,7.25,0.433,0.433
竟然还看得到有人说麦可贝当年把福克斯踢掉是正确的选择,3.25,7.0,0.433,0.0
感性凌驾于理性之上时,4.6,5.25,0.49,1.09
胸不平何以平天下,5.5,4.75,0.5,1.09
柴门反关无俗客,5.667,4.0,0.943,2.449
碧云引风吹不断,5.5,4.5,0.5,0.5
走向远方是为了让生命更辉煌,7.6,5.6,0.49,1.356
不论是孤独地走著还是结伴同行,5.0,2.333,0.0,1.886
让每一个脚印都坚实而有力量,6.75,4.75,0.433,1.09
又见平成最后的这种傻逼句型,3.0,5.0,0.0,0.707
要是平成最后的聚会我还能理解一二,4.5,4.4,0.5,1.625
将自然风景区作为人骄傲的一部分同理,6.5,5.5,0.5,1.5
我倒希望你是仙人,5.0,6.0,0.0,0.0
你就别错过我们的个人彩妆课,4.0,4.333,0.816,0.471
欢迎报名学习更多技巧,6.75,4.25,0.433,0.433
男儿何不带吴钩,5.0,4.0,0.0,0.0
女孩紧紧抓住男子的衣服,5.0,3.667,0.0,1.247
男子的鲜红双眼流露出不满,3.0,6.667,0.0,0.471
然而他也无可奈何,4.0,3.75,0.0,1.299
我不得不再次谈论许章润教授,4.5,4.5,0.5,3.5
如果你还如此平静,5.0,2.75,0.707,1.299
不愿做奴隶的人们,5.5,6.333,0.5,0.943
然后我下了公交进了地铁就一直觉得眼睛疼,3.667,5.0,0.471,0.0
你就该有多少坚强,6.0,6.0,0.0,0.816
你就会有多少光芒,6.0,4.0,0.0,2.098
一点不夸张的说,5.667,6.667,0.471,2.055
每一笔自己都非常嫌恶,2.5,7.0,0.5,0.816
大小不一奇形怪状,5.0,3.0,0.0,1.581
上门顾客逐年减少,3.25,4.25,0.433,0.829
武吉知马一带拥有近40年历史的老字号陈唱车行展销室,5.333,3.333,0.471,1.247
5000母音乐家,5.333,2.667,0.471,1.247
醉汉出口辱骂女郎,2.25,4.333,1.299,0.471
女郎不甘示弱回呛,3.0,4.667,0.816,0.943
要是伊斯兰教不是平和的宗教那这世界可了得,4.0,7.667,1.581,0.471
别把部分人的不当行为怪罪于宗教上了,4.0,7.0,0.0,0.0
因为恶意的诞生就是为了伤人,2.333,5.333,0.471,2.055
但还是会受皮肉伤,4.0,3.25,0.0,1.785
只许州官放火不许百姓点灯,2.0,6.5,1.0,0.5
当今更是只许州官杀人不许百姓?鸡,3.0,5.0,0.816,2.16
冰箱等家具损毁后,3.0,3.667,0.0,1.7
搭豪华私召车却没钱还,3.25,5.75,0.433,0.829
私召车司机徒步追逐将近1公里,4.5,6.667,1.118,0.471
居民斥环境脏乱,3.0,6.0,0.0,0.0
却几乎全无用处,2.667,6.667,0.471,0.943
身后的恩惠要留流得久,6.667,5.333,0.471,1.247
为了抄近路践踏草坪,4.0,5.667,0.0,0.471
峨眉武术的刚柔并济,6.0,3.0,0.0,1.225
江湖中的人心人性才得以愈发清晰,4.667,7.0,0.471,0.816
习武之人苦练十年,5.667,2.0,0.471,0.816
冰火问我怎么区分知己,5.0,4.4,0.0,1.625
有了喜事和人分享,7.0,5.667,0.707,0.943
心里却充满嫉妒的是熟人,2.667,7.0,0.471,0.816
不安分的小舌头,5.0,5.667,0.0,0.471
因为他们的自卑群聚太重,3.5,5.5,0.5,0.5
讲没几句就觉得别人看不起他们,3.0,6.6,0.0,1.744
最后又社会经验万岁,3.667,7.333,0.943,0.471
不要让他觉得你是,5.0,4.0,0.0,2.53
最讨厌每年过年亲戚间虚伪的拉拉扯扯,2.333,7.333,0.943,0.943
那么珍惜每一块钱的外婆一出手就是一千块,6.0,4.75,0.894,0.829
我无论如何受之有愧,3.5,5.5,0.5,2.5
给钱也的确是她唯一的表达方式了,4.5,3.4,0.5,1.625
大部分有良知的还是通过不发声来做到实事求是或者至少不歪曲事实,6.5,5.5,0.5,0.5
毕竟国内人身不算自由,3.0,5.0,0.0,0.816
这样的言论会不会被带走,4.75,4.5,0.433,0.5
文说要轰炸捷运一样,3.4,5.8,0.49,1.6
美国升级关税举措不仅将损害美中两国经济,3.0,4.5,0.0,0.5
德国机械装置制造业联合会外贸事务负责人乌尔里希,5.0,3.0,0.0,1.633
欧洲机械装置制造业也将受到美国关税升级的冲击,3.5,2.5,0.5,0.866
被吓到是真的挺有同感的,5.6,5.2,1.2,1.6
他现在已经感受到党内外和国内外的各种危险,3.75,4.5,0.433,0.5
他斗来斗去就是要控制局面,4.5,4.0,0.5,2.121
跑到安全地方逍遥快活了,5.667,4.667,1.886,0.943
不知道这样刷推效果如何,5.0,4.333,0.816,0.471
你们又不是贫穷的人,4.5,5.0,0.5,1.0
聊了很多分手后发生的事情,5.0,4.0,0.0,1.414
世界上没有第二个国家如此成就,7.0,6.75,0.0,1.09
你所得到的民主无非是过了一下嘴淫而己,3.4,6.5,0.49,0.5
鸟语花香向来都是让人暇意愉快的美景,6.667,5.0,0.471,0.816
但是鸟的图案则不太适合放在夫妇的睡房,4.0,4.75,0.0,0.829
第一反应就是反抗,4.0,5.333,0.816,2.055
两人都是力改之前政府多年沉珂弊病而务实的人,6.6,4.2,0.49,0.98
真的不太会注意到跟他不那么熟的人,4.4,4.0,0.49,2.0
一种像弹珠掉地板反复弹跳多次的声音,5.0,2.5,0.0,0.5
情绪亦有点燥动,3.5,6.333,0.5,0.943
怎样能更平步青云,4.667,3.667,1.247,1.886
V力让声音不出现异常,6.333,3.667,0.471,2.055
现在关灯躺下闭眼又大声嚎哭出来,2.667,8.333,0.471,0.471
感谢追星路上阿米为防弹及彼此应援,7.0,5.5,0.0,0.866
详细内容将陆续公布,5.4,3.75,0.49,0.433
慢慢听他讲下来听哭了,3.75,4.25,0.433,1.785
发照给她时她一直问我是不是所有人的亲属都到了,4.667,3.667,0.471,2.055
听出她话语的失落,3.6,4.6,0.49,1.855
一直担心累到她,4.0,5.25,0.0,1.299
结果要去丧礼的两人一个还在睡一个出去了,4.0,4.25,0.0,0.829
我没要去只是要准备老爸,5.0,4.0,0.0,0.816
10日接受美国媒体访谈时淡化朝鲜恢复试射行动的意义,4.4,3.75,0.49,0.829
练习等待跟接受,5.667,3.5,0.471,1.118
就是一个严重分裂症患者,4.0,5.333,0.0,0.471
这明显是对匪自己不利才会选择的行为,4.333,4.333,0.943,2.357
认为中国其实知道他一定会赢,5.0,3.0,0.0,2.0
可能被要求遣返大,4.0,4.5,0.0,0.5
顽固的推行加赠关税,3.5,5.25,0.5,0.829
东一榔头西一棒子的到处惹事儿蹭热点,3.333,4.667,0.471,0.471
这样也是变相帮他开口,4.5,6.0,0.5,0.0
而且将阻碍全世界的稳定和繁荣发展,3.0,5.5,0.0,0.5
美中两国贸易摩擦加剧,3.5,5.5,0.5,0.5
如果明年总统选举实现连任,4.0,4.0,0.0,0.0
在我的第二届任期内进行谈判的话,5.0,1.5,0.0,0.5
你有种就坚持下去,4.25,8.0,0.829,0.707
我还是不太能习惯推特不能修改这件事,4.0,5.5,0.0,0.5
冷静理智客观分析事物,5.75,3.2,0.829,1.6
总是选择自己有利的一面,3.667,5.667,0.471,0.471
美国政府加征关税不是解决问题的办法,4.0,6.0,0.0,1.225
美方再度高举关税大棒加剧中美经贸摩擦升级风险,4.5,4.4,0.5,1.744
新浪微博这个中国最大的社交及时平台舆论的监控已经到了发指的地步,2.667,4.333,0.471,0.471
中共已经害怕到了极致,3.0,6.5,1.414,1.803
坦诚地与美方交换意见,6.4,3.75,0.49,0.829
孟晚舟保释案进入第二天听证,4.6,3.75,0.49,0.829
他们是从来不相信双赢结局的,4.0,5.0,0.0,1.673
他们会利用谈判作为手段,4.0,5.0,0.0,0.707
这样的威胁一旦实现就会破坏产业链,3.0,4.75,0.0,0.829
中国会受到极大损失,4.25,5.0,0.829,1.225
讲价值理念无效可以谈经济民生,4.25,4.75,0.829,0.829
记得以前就有看到过谈对捐卵伤害认识不足的文章,5.0,5.0,0.0,0.707
留意一下看看是不是都来自同一家店,5.0,2.667,0.0,0.943
擅自改变产品的存放方式,4.25,3.8,0.433,2.04
完全破坏产品的食用期限,3.333,4.667,0.471,0.471
那还是德国没提防的情况下,4.0,5.0,0.0,0.0
但美国通过军事手段直接或间接地推翻了萨达姆,5.5,6.0,0.5,1.0
米洛舍维奇等独裁政权,4.0,3.2,0.0,1.6
从来都是那些如同中国共畜坑骗,2.0,6.333,0.0,0.471
欺凌本国人民的腐朽政体,2.5,5.75,0.5,0.829
从小我经常觉得现实很无聊,3.667,4.333,0.471,0.471
就变得比较快乐,6.6,4.4,0.49,1.744
菲律宾总统杜特蒂10日称赞中国的经济发展和中国人民的工作态度,6.5,5.0,0.5,0.707
鼓励当地民众学习,7.5,4.4,0.5,1.2
除了去发掘各地整咸鱼特色外,6.0,5.333,0.707,0.471
米德加尔特大陆主要由三个国家分据,5.0,2.667,0.0,1.247
尽管冒险者的足印在各地留下痕迹,5.0,5.333,0.707,0.471
技能和经验获得极大值,7.5,6.5,1.5,1.5
它不会为中国带来什么根本性的变动,3.5,4.0,0.5,1.0
指望贸易战改变中国经济,5.75,5.75,0.433,0.433
觉得中国因此经济会崩溃的,4.0,4.667,0.816,1.247
不是和中国现实太脱节,3.667,4.667,0.471,2.055
可惜军部的人已经疯了,3.6,5.0,0.49,1.414
是不是日本也是一个缺少资源的国家,3.5,3.5,0.5,0.5
中国的使用者真是很惨,3.0,4.333,0.707,0.471
人性卑劣的很多,3.0,4.25,0.707,0.829
所以问题一大堆,3.4,6.0,0.49,0.707
满足不了执法需要,3.4,4.75,0.49,1.09
所以有必要建立一支,5.0,4.25,0.0,2.773
高素质高学历高理解力的有暴力武器,3.0,5.75,0.707,1.785
梳理和处理社会上出现的各种犯罪,5.667,4.0,0.471,0.816
其实我只是卑鄙又自私罢了,2.75,6.0,0.433,0.707
因为我就是个彻头彻尾的烂人,2.0,6.8,0.0,1.6
老师平时比较严格,5.0,4.0,0.0,0.707
平安的柴米油盐小生活,6.667,2.667,0.471,1.247
过去他们很轻松地赚钱,5.667,4.0,1.247,0.816
所以许诺了高福利,6.0,4.25,0.0,0.829
但是现在赚钱难了,2.667,5.667,0.471,0.943
就是有这么多明明更无知却又自大爆棚的人,2.5,5.6,0.5,1.744
母亲节最大的幸福,7.0,5.75,0.0,0.829
我没有让新的生命来受苦,6.5,4.5,0.5,1.5
略带发力的紧张,4.333,3.75,0.471,1.92
沉默是扩充套件,4.333,2.667,0.471,1.7
我会为你的心产生敬意,6.75,4.25,0.829,0.829
共产党盗国贼坏,2.2,7.0,0.98,0.0
歌颂这美丽的5月,7.667,5.667,0.471,0.471
主宰美丽的是心情,6.6,4.0,0.49,1.414
不论是办报纸还是闹革命,4.75,5.25,0.433,1.299
你看敌人都真生气了,3.0,5.5,1.0,0.5
狗老板日复一日让我们小辈无节制加班,2.5,7.0,1.118,0.707
内心骂了几百遍还是默默坐下校稿子,4.667,4.0,0.471,0.816
现在差的是政府,3.5,5.75,0.5,1.785
又如何可以推动社会变革呢,4.0,5.75,0.0,0.829
已经触及到中国文化传统的核心,5.0,4.0,0.0,2.16
不确定能不能破解,4.0,4.333,0.0,0.943
那你得担保你们总统别明天不加税了,5.0,6.0,0.0,0.0
皇宫大院是越来越敏感了,4.5,5.0,0.5,1.0
可能继续活著总会看清,5.667,5.667,0.471,0.471
又或者跳出躯壳才能看到整体,4.5,3.5,0.5,1.5
那些无法尝试两次的,5.0,2.0,0.0,1.0
还真是飞来横祸不砸花花草草专砸我,3.0,6.5,0.0,0.5
所以说果然不宜伤春悲秋吗我靠,3.0,7.667,0.0,0.471
而中方的法律则是如毛泽东说过的,5.0,4.0,0.0,0.0
的故事应该不陌生的吧,5.333,5.0,0.471,0.816
考察队被困住了,3.667,5.667,0.471,1.247
雪崩的时候发生了不幸,3.0,5.75,0.707,0.829
有一位成员牺牲了,2.333,4.667,0.943,2.055
到西方极乐世界逍遥一世,6.5,4.5,0.5,1.803
农民插秧被雷击倒身亡整段过程被拍下,3.5,5.0,0.5,0.707
雷德福和保罗一直策划两人的第三次合作,5.333,3.667,0.471,1.7
这次未成型的合作成为了永久的遗憾,2.5,5.333,0.5,0.471
很兴奋搬到到纽约新的总部地点,7.333,6.333,0.471,2.494
我们被通知由于中国的一个国家购买了大楼,5.0,1.667,0.0,0.471
香港将成为中国的下一个自经区,3.333,4.667,1.247,1.247
会被美国取消关税优待,4.0,2.667,0.0,0.471
不过香港没有错,5.333,5.75,0.471,2.278
乞丐传头就破口大骂,3.333,4.333,0.471,1.247
周日出外遇著游行抗议,4.0,4.667,0.816,1.247
我们不需要这样的英雄,3.667,6.5,0.471,1.118
美国校园枪击案连发两周内两名学生舍身救人,6.5,5.6,0.866,2.154
在毛泽东刚去世时,3.5,6.0,0.5,1.0
北京盛传一个幽默评语,6.0,5.0,1.414,0.816
在历史上的地位,5.0,4.5,0.0,0.5
高峰论坛在京举行期间,5.0,2.75,0.0,0.829
妻子姚敏华被非法拘禁,2.25,3.25,0.433,1.785
导致王扣玛罹患严重肺炎,3.333,4.0,0.471,2.16
原生家庭的桎梏怎么可能那么容易摆脱掉,3.4,6.5,0.49,0.866
最使人疲惫的往往不是道路的遥远,4.0,5.5,1.0,0.5
而是心中的郁闷,3.667,5.333,0.471,0.471
我最常听到支援同婚的异性恋的角度是,5.0,2.0,0.0,1.414
异性恋结婚也不用别人同意,5.6,3.5,0.49,1.118
被文贵诈骗贷款的银行,3.5,4.5,0.5,0.5
被文贵构陷入狱的老伙伴,3.0,3.0,0.0,1.673
而放弃生存的意志,3.0,5.667,0.707,0.471
不难看出像我同样命运的人很多,4.5,2.5,0.5,1.5
以求得到精神上的超然解脱,7.0,6.333,0.707,0.943
寂光院最为著名是院内的日本庭园,6.0,5.0,0.0,0.816
寂光院更显精巧别致,6.4,5.25,0.49,0.829
斯柯达看风景的继续反馈可读性的小组赛随时随地很好的回答你的决定继续舒适度度假酒店不得不服厚度和道德大型活动基督教反对基督教机动车的很多很多很多很好的很多很多很多哈哈哈哈打交,5.0,3.5,0.0,2.5
最高检清理久押不决是在清理违法行为,7.0,6.0,0.0,0.0
而不是说久押不决合法,3.667,5.333,0.471,2.357
但是不能因为立场而卑鄙到颠倒黑白的程度,4.0,7.25,0.707,0.829
另一方面也看到在中共统治下中国人民的愚昧无知,3.4,5.2,0.49,1.939
黑龙江省大庆市萨尔图区法轮功学员丁洪娟女士被萨尔图区开发区法院枉法冤判两年,3.0,5.0,0.0,0.707
并被敲诈勒索三千元钱,3.0,6.25,0.0,0.829
郭文贵今日再造法庭谣言,3.0,4.2,0.0,1.47
崇拜的其实是权力,3.8,6.25,1.47,0.829
肯定S有骂学生,3.5,4.75,0.5,1.92
更不要说讲牢骚话,4.0,6.667,0.0,0.471
贵族青年鲁道夫建造了一座矮小的城堡,5.0,2.25,0.0,1.299
人云算术不及格,3.333,4.667,0.471,0.471
以厌胜之术诅咒教主,3.5,6.0,1.118,0.816
从美国推进贸易谈判的情况看,5.0,2.667,0.0,1.247
并且必须改头换面,5.0,5.5,0.0,0.5
毛病在于太自以为是,3.5,6.0,0.5,0.0
忘记自己半斤八两了,3.0,4.0,0.0,1.414
事实证明每一个中国人都是中共恶行的受害者,2.5,5.75,0.5,1.92
可惜经济实在太没存在感,3.667,3.667,0.471,0.471
不过我不便透漏地点,4.6,5.0,0.49,1.225
阿嬷的味道我也很怀念,6.5,7.5,0.5,0.5
如果有歹人趁机行凶,4.5,5.25,0.5,1.479
致使警员疏于防范,3.4,5.25,0.49,0.829
现线上条有些清晰了,5.5,3.5,0.5,0.5
我一句话不行要推翻重谈,3.5,5.0,0.5,2.0
妈咪厨房重要通知,5.0,4.75,0.0,1.785
故停止所有订单,4.4,3.8,0.49,2.135
萤幕在手掌包围下的部分基本上都是可操控的,5.0,3.5,0.0,1.5
日本秋田犬面临灭绝,2.6,5.25,0.49,0.433
储存一些有用的资讯,6.0,3.5,0.707,1.118
已经于早上修复完成,6.333,4.0,0.471,0.816
开放4个开始使用,5.0,2.25,0.0,1.299
然后迟疑很久才发,4.0,4.0,0.707,1.414
外媒中的官媒都挺认真的,5.667,4.333,1.247,0.471
十分谢谢媒体朋友,7.0,4.25,0.0,1.299
看公开信的革命情怀,6.667,5.667,0.471,1.7
外卖小哥路口违停搀扶老人过马路,6.25,3.4,0.433,1.744
福建南平一位外卖小哥在路口违规停车,3.4,4.0,0.49,1.414
考虑外卖小哥违停实际原因,5.0,2.8,0.0,1.6
但今天就有女生穿粗跟凉鞋参加,5.0,3.333,0.0,2.055
其他日本婆妈小声议论,4.333,5.333,0.471,1.7
当事人倒是跟同伴开开心心的,4.0,6.333,0.0,0.943
系统维护期间将无法登入游戏,4.0,3.2,0.0,1.47
?鱼涌门市都休息一天,4.0,3.5,0.0,1.118
最喜欢号锡不耐烦的时候,6.667,5.0,0.471,0.816
为了庆祝花了一个蛋糕钱,5.5,4.5,0.5,0.866
但至少是愿意听我说话的人,6.0,4.5,0.0,0.5
唠唠叨叨这类事情,4.0,5.0,0.0,1.225
吉他喝多了在狂笑,6.667,6.75,0.471,1.299
喧闹的人都在流浪,4.0,3.6,0.0,2.332
故事因为剧透而让人没兴趣再往下读,3.0,5.0,0.0,0.816
犹豫要不要接著看完剩下的3,5.5,2.0,0.5,1.0
摔笔或是很用力划掉原稿,3.0,7.0,0.0,0.0
我就觉得天啊超尴尬,3.333,7.667,0.471,0.943
她这样划掉也太没礼貌了吧,3.0,6.4,0.0,1.2
不然就安静的看,4.667,3.667,0.471,1.7
梦见自己向别人道歉,4.333,2.25,0.471,1.299
少发表意见免得惹麻烦,3.667,5.0,0.471,1.414
这没风度没肚量的咖?,2.5,6.0,0.5,1.789
不尊重代议士的卖菜蝓,3.0,6.0,0.0,0.707
当宗痛必是效忠支那的魁儡蛆长应声虫,1.667,6.333,0.471,2.494
我他妈的怎么会不懂你,3.333,8.333,1.247,0.471
我拼命跟你道歉寻求解决方法,3.5,6.75,0.5,0.829
竟然连偶的龟孙都敢洗板,3.333,7.0,0.471,0.0
恶意杀价和持有毒品闻名,3.667,5.0,0.471,0.816
会期待别人依照他们的准则做事,5.75,5.75,0.433,0.829
你写个稳定产出的部落格我也算你有,7.0,6.0,0.0,0.0
滑世界超级之大笑话,5.333,6.0,0.943,2.16
谁就是那个低能儿,3.0,6.0,0.0,1.414
一个自称很久以前见过我的人来跟我说话,5.0,2.75,0.0,1.785
能早来当然会早来,5.2,6.25,1.47,0.433
据香港南华早报透露,4.667,2.667,0.471,1.7
而拒绝更多让步的中国国家主席习近平表示自己会负完全责任,4.333,3.667,0.471,1.247
简直是人生恶梦的开端,2.6,6.75,0.49,0.829
我问你该如何达成目的,5.0,6.0,0.0,1.225
我不在乎那些流言蜚言,6.0,2.667,0.0,1.247
然而你依然选择了逃避,3.333,5.0,0.471,1.414
当韩国瑜畅谈要在高雄设定自经区,3.333,6.0,0.471,0.0
断断续续把消灭第四集看完了,5.5,2.5,0.5,1.5
昨天晚上梦见海贼王了,7.0,5.0,0.0,0.0
因为做工很粗糙,3.4,5.25,0.49,0.433
也有能让青年的我有所共鸣的细腻处,6.6,5.4,0.49,1.2
我值得被你这样嫌弃,4.0,6.0,0.0,0.0
每次看到梵谷兄弟相关的文章就很感动,7.0,6.75,0.707,0.829
讲得内容越复杂越长,4.0,4.75,0.0,0.433
到时候您不觉得赞了就不赞了哈哈哈,5.0,5.667,0.816,3.399
现在摸不准少数派哪些文章收费哪些免费,4.5,3.25,0.5,1.92
所以其施政刚猛直接无谋无畏,6.5,6.0,0.5,1.0
只能听谄媚不能听良谋,3.0,4.75,0.0,0.433
只能接受胜利不能接受退守,5.5,6.5,0.866,0.5
懒得和他起冲突,4.667,4.333,0.471,0.471
利益这东西说不准的啊,4.0,6.667,0.0,0.471
为什么不准发有人负责吗,3.5,5.0,0.5,0.0
音准不准我不知道,4.667,3.667,0.471,0.943
那种不屑的调调,3.0,5.333,0.0,0.471
能让电视机前的老乡爽一周,7.0,5.0,0.0,0.0
那么大大多数人还是错误的,3.333,4.0,0.471,2.16
身上透著一股野兽般狂暴的气息,4.667,5.333,0.471,2.494
我知道你是不小心,6.0,5.0,0.0,0.0
则不可得志于天下矣,4.0,4.2,0.0,2.926
我在嘉兴遇到郭大哥和蓉儿,5.0,3.25,0.0,1.92
总有一种不祥的预感,3.5,5.6,0.5,2.417
健康和生活质量,5.4,2.8,0.49,1.47
雨儿便把他解开了,5.6,5.25,0.49,0.433
我看我符不符合,5.0,2.0,0.0,0.816
是不是偷换概念,4.4,4.2,0.49,2.135
既然无法证明那是真理,4.0,5.25,0.0,1.299
第一次读红楼梦时不解为何在讲正篇故事前有那么长一段看似无关的故事,5.0,2.75,0.707,1.299
惟有功名忘不了,4.6,5.25,1.2,1.09
人生的无常与虚华,3.0,4.0,0.707,2.0
美国人顿时呆了!,5.4,7.75,0.49,0.433
不断向著自己的目标前进,7.5,6.0,0.5,0.707
邓屠夫和姚依林那样的共产党领导人才是明白人,6.5,6.0,0.5,2.0
都是本身擅长厨艺的母亲,6.4,5.25,0.49,0.829
我家厨房真的不大,4.0,7.0,0.0,0.0
如果你要把你的孩子当废物养,2.6,7.6,0.49,0.49
会引起他人不适的部位全部遮起来,5.5,5.0,0.5,0.0
东西也吃不下吃不多但是又觉得饿烦恼啊,3.6,6.5,0.49,0.5
可能可以帮助改善消化系统健康,6.6,4.4,0.49,2.059
以增加吸收重要营养素,6.4,3.25,0.49,0.433
垃圾会先会甘心,2.5,4.5,0.5,1.5
闹双胞胎的立法会逃犯条例法案委员会召开,4.667,3.667,0.471,0.943
去找个小帮手去买杯热巧克力或桂圆茶来喝,5.5,3.5,0.5,2.5
注定就是个蠢货,3.5,6.5,0.5,0.5
这样算起来谁更便宜,5.5,5.0,0.5,0.707
觉得自己的身体很老实,6.5,3.2,0.5,1.47
今天起床就感受到活力,7.0,6.75,0.894,0.829
00向所有的母亲们致以衷心的问候,7.0,6.0,0.0,0.816
窝老也事仇女分子,3.6,6.0,0.49,0.707
不过我的主张是女人不应该参与政治而是去岁静,3.5,5.0,0.5,2.236
美国已在该地区发动心理战,5.0,3.0,0.0,1.581
回去奔波办完遇难亲人的丧事,3.333,4.0,0.471,0.707
重光暨安香科仪圆满,6.0,2.0,0.0,0.0
丰富了我的记忆,7.333,5.333,0.471,0.471
中共流氓政权是圣洁天使,4.6,6.5,2.577,0.5
可能我做的东西都很多余,2.667,6.0,0.471,0.707
我不需要那个东西,3.333,6.333,0.471,0.471
做出来的都不一样呵呵,4.0,6.25,0.0,0.829
说来说去只是博同情而已,4.0,5.5,0.0,1.118
的话我们也无法体会到百余年,4.5,3.333,0.5,0.471
那拜托你选上总统之后,5.25,5.8,0.433,2.135
1章咕哒知道真相后的消沉,3.0,2.667,0.0,0.471
火腿肠非常不卫生,3.2,6.5,0.98,0.5
中国平均每六个人就有一个癌症患者,2.667,3.0,0.471,1.633
癌症治疗一个月需要4,5.0,3.0,0.0,1.414
我本来以为羽风薰是梦之?宝贵的硕果仅存的几个直男,4.5,3.5,0.5,2.5
我说什么都要被他们否定,3.0,5.75,0.0,1.92
他一个学历史的竟然符合台湾投机分子郎咸平的黑屁说什么,3.4,7.25,1.356,0.829
请观看完整视讯,5.0,2.333,0.0,1.247
从镇压法轮功开始我就意识到信仰之战一直在进行中,4.5,5.5,0.5,0.5
我发现几个特别有趣的逻辑,6.667,5.333,0.471,0.471
中国传统文化是战胜共产党和专制的法宝,7.0,5.0,0.707,2.121
但借它攻击整个中国的人权是无聊的,3.5,6.0,0.5,1.0
若报导抵触受众的核心信念,3.5,4.0,0.5,0.0
叫不醒一个丧失了立场,3.0,4.0,0.0,2.0
法轮功学员反迫害不也是维权运动吗,5.0,6.25,0.894,0.829
但实际上它给你的是日复一日的倦怠,3.4,5.25,0.49,0.829
它让你无暇顾及亲情,3.667,3.333,0.471,1.7
这就很能说明问题了,6.5,5.75,0.866,1.479
但我较欣赏后者,6.667,5.333,0.943,0.471
这本身就代表著一份觉察力,7.0,5.0,0.0,0.816
你也许会很失望,3.5,5.5,0.5,0.5
西医治了多家医院,6.75,5.25,0.433,0.433
真中药越来越匮乏,4.0,5.0,0.707,0.816
人们就会身不由己地迷失在无常的洪流之中,3.4,4.2,0.49,1.47
感情最终要放下,4.0,3.667,0.816,1.247
比如是医疗改革,6.0,4.0,0.0,0.0
都是如今的习维尼已经全面复辟甚至变本加厉的内容,2.4,6.0,0.49,1.732
干脆彻底禁止宣传邓小平关于党和国家领导体制的改革内容,3.5,6.5,0.5,0.5
当你选择看过程的时候时间已经悄赤卤q你身边溜走啦等你反应过来顿悟啦已经是两鬓斑白啦那还是算是智者吗,2.667,7.667,0.471,0.943
这才在周日早上宣布征收关,5.0,5.667,0.0,0.471
没有他也没有新中国这点不可否认,5.667,5.75,0.471,1.299
当然并不是说刘电工发明这个学说而是他自身就是受殖民地考试工厂生产出的考试机器,5.0,4.0,0.0,0.0
直到晚上回家才看到地震的讯息,4.0,4.667,0.707,0.471
那几天我在网上看到许多来自灾区的残酷图片,3.2,5.75,1.47,0.433
定期来宾的村上佳菜子,5.0,2.0,0.0,1.414
令人厌烦般的找碴又无理取闹呢,3.0,7.25,0.0,1.09
保罗与火箭助教驳斥报导,3.5,6.0,0.5,1.581
发表真理赐给人悔改的道,6.75,3.6,0.433,1.855
过了整整一天才有进去救援,3.25,4.4,0.433,2.417
美国已经清楚的讲说,5.0,4.0,0.0,2.449
让蔡英文保有模糊空间,4.5,4.0,0.5,1.0
他这种文风是智商隔离,4.0,4.667,0.816,2.055
或是声称自己是中国人就可以处处受礼遇尊敬,3.0,4.75,0.707,1.09
背信以及压榨百姓之下,1.5,5.0,0.5,2.0
人他爸很有钱不然怎么能买新闻啊,3.333,6.667,0.471,0.943
所以人的素质比较能提高,6.333,4.0,0.471,1.633
别被末世的法利赛人迷惑,4.0,7.5,0.0,0.5
人得留心倾听主的声音,6.0,3.5,0.0,1.118
牧师长老为什么能公然违背主的话,3.0,6.6,0.0,0.49
但人口数则相反,3.5,5.5,0.5,0.5
他们也感染了绿色宜人的英格兰和英国其他地区,6.333,4.333,0.943,0.943
我会粉碎你的脸,2.5,8.5,0.5,0.5
在我的生活中有著独特的巴贝多文化投入,5.667,6.333,0.471,0.943
输入我的巴贝多心灵,5.0,6.5,1.0,0.5
我一定会很难过,2.75,8.0,0.433,0.707
都改听国外的流行音乐,5.0,3.2,0.0,1.6
可是说谎就不同,4.0,4.2,0.0,1.939
就愈让人们怀疑这些故事,4.0,5.0,0.707,0.707
刘鹤赴美只求川普下手轻点,5.0,3.4,0.0,1.744
孟晚舟申请中止诉讼,5.0,2.667,0.0,1.247
学历最高30分,4.667,4.333,0.471,0.471
工作经验最高10分,5.333,2.333,0.471,1.247
产业要具有创新性,6.667,6.0,0.471,0.816
只有穷人才整天在推上勾心斗角骂骂咧咧,3.0,6.75,0.0,0.433
我妈现在催婚的手段越来越高明了,4.0,5.75,0.707,1.299
岂不知等到再继续肆虐耍流氓,3.0,5.333,0.0,0.471
我们试图追踪每天在全球范围内的中国境外的每一笔交易,5.667,4.0,0.471,1.633
它还有多少空间可以造谣撒,3.0,5.0,0.0,1.581
但就阻止江青组阁而言,4.333,6.333,0.471,0.471
如果供产商的产品随时可能被课以高关税就会影响他的销售价格和自己的利润,5.0,6.0,0.0,0.0
又笨的不醒的占多数,3.0,4.25,0.0,1.09
所以到时候只是换人殖民罢了,3.5,5.333,0.5,0.471
我们要避免这一天的到来,4.667,6.0,0.943,0.816
哇咿感谢开群!!也偷偷的加入了!,6.667,7.667,0.471,0.471
最近欣喜若狂地吃了辣味豆干,6.667,6.5,0.471,1.5
结果肠胃超级燃烧,3.75,6.0,0.433,1.414
我为何不先存档是智障吗,3.0,7.5,0.0,1.118
哎呀说的人畅想无限,6.0,5.333,0.816,2.055
从胜利走向更伟大的胜利,6.667,6.667,0.471,0.471
我已经是瑟瑟发抖了,3.0,6.0,0.0,0.0
还有一个理由大概是因为他俩遭遇很类似吧,4.0,5.0,1.0,0.0
连饭都不肯自己吃,3.5,5.5,0.5,0.5
吃了高血压可就拿不下来了,3.4,5.8,0.49,0.98
那是咱们的幸运,7.0,5.667,0.0,0.471
讳疾忌医是古人就抨击过的,4.0,4.5,0.0,0.866
我甚至开始享受吃药这件事情,6.0,6.0,1.633,0.816
美爹的军火商可高兴坏了,8.0,8.0,0.816,1.0
各种糟糕和热闹诶,4.5,5.0,0.5,1.0
我们庆幸在网际网路时代翻墙,6.4,5.25,0.49,0.433
很多人还在争论要不要存粮,4.6,4.25,0.49,0.829
我在美国四次被人进行身体上的侵犯,2.333,6.0,0.943,0.816
或者说警方在保护这几个人,5.333,4.667,0.471,0.943
甜甜的蜂蜜口感,6.5,3.5,0.5,1.118
美国和中国都处在政治上最黑暗的时代,2.5,5.75,0.5,0.829
不如此早就被灭了,3.667,6.333,0.471,0.943
换了你和他处于当年的白色恐怖之中,3.333,6.0,0.471,1.414
中共最受信任的危机管理者回到了政治前线,6.5,5.25,0.5,1.299
虽然宗教的核心是神秘的和超出人世的,6.0,3.0,0.0,1.414
30年来谈64各方由于种种原因回避其国际背景,3.0,5.333,0.816,0.471
国有化本身就已经抛弃了经济发展,4.25,5.5,0.433,1.118
现在社交软体都会向使用者申请读取联络人的许可权,5.667,3.0,0.471,1.414
其实我觉得这世界上就没有种族歧视,5.0,6.333,0.707,0.943
可是上次见又觉得挺帅的,7.0,4.75,0.707,1.785
或者工作失败咋搞,3.0,6.667,0.0,0.471
喘息的时间与机会,5.667,3.25,0.471,2.278
难道变瘦之前都不能穿合适的运动内衣和排汗运动裤练,3.333,7.333,0.471,0.471
恶男才不准进健身房啦,3.0,7.25,0.0,0.829
只要冠佑讲话就会自动忽略的病,5.0,4.0,1.0,2.0
每次见面还是很新鲜呢,6.5,6.0,0.5,0.0
讯息曝光后紧急搬家,4.0,4.333,0.0,0.943
真心觉得她很强,6.5,5.0,0.5,2.0
我不承认有这么糟糕的爸爸,3.0,6.8,0.0,0.98
网路上随便哪个相同兴趣的很少会是同伴,4.0,6.333,0.707,0.471
我觉得应该是心跳之后除魔法以外,5.5,4.333,0.5,0.471
那是我第一次跟他单独会面的地方,5.0,3.333,0.0,2.625
肉身在国的你虽能深度解析却难以尽情评论习及习团队,3.5,5.5,0.5,0.5
虽然我们都很独立,5.667,2.667,0.943,1.247
最近几天累积了,4.5,4.0,0.5,0.0
重点系有个聚脚点方便聚聚,5.333,4.0,0.471,2.16
研究人员的性别可能影响实验鼠的疼痛反应,5.0,3.75,0.0,1.92
回宿舍等老大揪喝酒,7.0,6.667,0.816,1.886
都变得很有理由了,5.0,3.5,1.0,0.5
取消香港关系法吧,4.5,3.25,0.5,1.479
进一步侵蚀高度自治,3.0,6.667,0.0,0.471
但涉及到战后的国际秩序,4.333,2.667,0.471,1.7
单位时间震动的次数,5.0,1.5,0.0,0.866
品尝入口当下的美味才是最棒的,6.75,6.0,0.829,0.0
三点多回到家浑身无力,3.5,5.5,0.5,1.5
上照抄我标题的句子让我很害羞,5.5,5.667,0.5,0.471
但在无形中其实大家都看得出来,5.0,4.667,0.0,0.471
地科老师就在上课时大力评批忧郁症的人都是养尊处优,2.25,6.0,1.299,0.816
真的是让人很厌恶啊,3.0,5.333,0.0,0.943
当初自己为什么离开,5.0,5.0,0.0,0.0
平田博士说现在确实有问题,3.6,3.5,0.49,0.5
仿佛现在并没有足够的能力去思考自己是谁,3.333,4.333,0.471,2.055
难得悠闲的旅程,7.25,3.8,1.09,1.939
再加上人品爆发,6.0,4.5,0.0,1.118
一直勉强自己做不擅长的事,3.0,5.667,0.0,0.471
而自己也没有那么无能,6.0,6.75,0.0,0.433
管理层太商业化到无底线,3.6,5.0,0.49,0.707
同埋防守部署失误,3.0,3.333,0.0,2.055
柏克莱睡眠专家,5.0,3.0,0.0,2.0
缺乏睡眠使你笨拙健忘,3.333,5.333,0.471,0.471
缺乏睡眠会扭曲你的基因,4.5,4.75,0.5,0.829
我只有五分之一都成日不是凭空消失就是被猫藏起来,4.6,2.5,0.49,1.118
如释重负般的舒畅,7.0,5.0,0.0,1.0
自叹一生书里活,4.0,4.0,0.0,0.707
除了极个别选择原谅她的,4.0,5.333,0.816,0.943
无一例外都离婚了,2.667,6.333,0.943,0.471
根本无心力再去关心什么大事,3.0,5.2,0.0,0.98
而俄军根本不理会他们,4.0,5.0,0.0,0.0
所以我很羡慕我弟,5.0,5.0,1.414,0.816
不用在意旁人眼光,6.0,3.75,1.414,1.299
有时候我理解有些人他们会反感,5.667,4.667,0.471,0.471
是上者制定给下者遵守,5.0,4.0,0.0,3.0
自己却毫不在意,4.5,4.5,0.5,0.5
拍卖的钱若有超过,6.0,4.667,0.816,2.625
什么征服宇宙啊,3.5,6.5,0.5,0.5
除非被魔鬼夺取了心智,4.0,4.8,0.0,1.47
自认为没做到100分,4.0,4.4,0.707,2.417
但因为你的妈妈生病了,3.6,4.75,0.49,0.829
这样就无情那每支球队都不用换血了啊,3.5,7.667,0.5,0.471
当数千阿里客户卷入卖假,4.0,4.0,0.0,0.0
必须做出残酷抉择,3.0,6.5,0.0,1.118
甚至分开只是合理化你的行为,3.0,5.0,0.0,0.816
你没办法照顾到我,3.0,5.0,0.0,0.894
风驷云轩愁誓约,3.0,6.0,0.0,2.0
你今日的不顺是因你早期的自负与自私,3.0,6.4,0.0,1.2
孩子的成长你从来不参与,3.0,6.5,0.0,0.5
山川不改人情异,4.0,5.0,0.0,0.0
我们便会去除一切的恶行,6.333,4.0,0.471,0.816
摸著她稚嫩的脸庞,5.5,5.0,0.5,0.0
老是躲在哀怨中,3.0,5.6,0.0,1.356
没有及早观察到她的缺陷,3.0,5.4,0.0,1.2
当你的生命力在我眼前一点一滴消逝,3.0,4.4,0.0,1.855
美国无意与伊朗战争,5.333,2.333,0.471,1.247
有点像是小资产阶级或军阀,5.0,3.0,0.0,2.0
也非常重视善恶有报的惩罚,5.667,4.333,0.471,2.494
作为终极审判者,5.0,2.667,0.0,1.7
我们必须服从历史的不合理的力量,4.667,4.333,0.471,2.494
脑袋发热糊涂蛋,2.5,7.0,0.5,0.707
惟当权贪婪的瞳孔,2.75,4.25,0.433,1.785
让人民慢慢失控,3.0,7.0,0.0,1.0
却得到一鼰赤?,4.333,4.0,0.471,2.449
就算再心痛也看不透,2.75,6.0,0.433,1.414
同时焦虑还会跑进来乱我真的4不知道该怎么办,3.0,5.5,0.0,1.118
出兵80人上战场,4.667,4.0,0.471,2.449
被战火岁所吞没,3.0,5.333,0.0,1.247
所签署的约定!,5.5,7.0,0.5,0.0
因为中共以15年为期答应改善经济体质的约定并未遵守!,3.0,7.75,0.0,0.433
?自在菩萨行深般若波罗蜜多时照见五,5.333,1.333,0.471,0.471
一致否决中国电信巨擘中国移动在美国的营运申请案,4.0,5.2,0.707,2.04
中国外交部批评美方此举是,4.0,3.6,0.0,1.744
人生没什么后悔的事,6.667,2.0,0.471,0.816
当年学生时代应该要加入辩论社团,4.4,4.4,0.49,1.855
手扶梯固定站左边,5.0,2.8,0.0,1.6
分别判刑1年3个月及4年半,4.5,3.25,0.5,0.829
为中国企业赴美投资提供一个公平,6.0,4.25,0.0,0.829
这个人他拿到照片的途径是非常可耻的,2.333,5.667,0.943,1.886
不停地找事物来迷恋,5.333,4.333,1.7,2.055
并不是因为生活太无趣太无聊,4.4,5.5,0.49,0.5
金犊奖0512,5.0,1.667,0.0,0.471
能否让阿姨画一下自己的知识框架体系,6.0,5.5,0.0,0.5
明白自己知道什么且立场坚定,6.0,6.25,0.0,1.299
如果高超的技巧运用得不得要领,3.5,3.75,0.5,1.09
妨碍了我们了解人物以及人物的行为,3.75,4.6,0.433,0.49
但在这个噱头下这部番真的太平庸了,4.333,6.0,0.471,0.816
有自信会活得比较开心一点,7.5,6.0,0.5,0.0
保证能吃的都吃腻了,4.0,4.2,0.0,1.833
特别是那种西装革履的,5.333,4.333,0.471,2.357
既然别人不理你了,4.0,7.0,0.0,0.0
日本都吃原子弹了,3.4,6.0,0.49,1.414
因为身处咒术协会很快被平息了下来,6.0,4.5,0.0,1.5
也得以发现了咒术的天赋,6.5,5.5,0.5,0.5
身上所有值钱财物被贼人骗走,3.5,5.75,0.5,0.433
这这这这太太过分啦,2.5,8.75,0.5,0.433
若非遭到欺骗和背叛,3.6,5.2,0.49,1.47
和恋人分手的可能性微乎其微,5.667,3.667,0.943,2.055
高价医材是另一件事情,5.0,5.0,0.0,0.0
是故意用来让我自爆的武器,3.6,5.25,0.49,1.09
还以为我学生证造假,4.0,5.25,0.0,0.829
还不快慎重的道歉,4.0,7.0,1.414,0.816
什么功利至上真是失了智,3.0,6.667,0.0,0.943
把我和?中人分开,5.0,1.0,0.0,0.0
发觉自己连私生活也没有,3.0,6.5,0.0,0.5
根本意图使人破戒,3.0,6.5,0.0,1.118
熟悉又模糊的名字,5.0,5.667,0.0,0.471
她应该从国会中被删除,3.667,4.333,0.471,0.471
我恨我自己太晚跟随到神圣大师,3.75,7.25,0.433,1.09
如今吃的毛豆甜汤除了喜爱之外,7.0,4.0,0.0,2.121
翻了一下电脑意外找到以前去社团表演编了一个口水歌的组曲,6.333,6.0,0.471,0.816
靠北这根本郭台铭示范如何一次得罪所有年轻选民啊,3.0,7.0,0.0,0.0
这不就郭台铭版的功德说,4.0,6.0,0.707,0.0
一直轮回还是一直纠缠,3.4,5.25,0.49,0.829
其实都承受不起,3.0,6.5,1.0,0.5
满心欢喜挥手像个孩子,7.5,6.0,1.118,2.121
创造2018年度国内基因领域最大募资金额,6.5,3.5,0.5,0.5
就算是恶作剧也一样,3.6,6.0,0.49,0.707
无论你怎么嘲讽,5.25,6.0,0.829,0.707
宇宙超级无敌大仙女嘻嘻,7.0,6.0,0.894,0.894
一些长辈的看法是感到荒谬,4.0,5.0,0.0,0.816
怎么这么不懂事,3.0,7.0,0.707,0.707
也会在有限的时间内有效运用资源,6.5,3.25,0.5,1.785
这点宗和日日树最明显,5.0,3.667,0.0,1.7
这个世界一是给魔鬼领导,3.0,7.667,0.0,0.471
你要让我使你进步成圣,6.0,5.0,0.0,2.098
义勇推感觉都是懂得体现自己欲望的成熟大人,6.75,3.25,0.433,0.433
人力是一种资源,5.333,4.333,0.471,1.247
最近才因为我随意地使用弄破两个马克杯,3.5,3.0,0.5,0.816
已随季节更迭而培养起的身体敏锐知觉,6.4,5.0,0.49,0.707
还有勇气远去吗,3.667,3.0,0.943,1.414
这些坚果超营养,8.0,6.4,0.707,1.356
你的池塘已枯竭,4.0,5.0,0.0,0.0
这样的诠释有点太过神奇,5.667,5.5,0.471,0.5
资讯多到数不清的世界,5.667,5.667,0.471,0.471
逢年过节才会碰到,5.5,4.0,0.5,0.0
谈判有三大分歧,4.0,3.333,0.816,1.247
践踏抑制宗?信仰欺压百姓,2.0,7.0,0.707,1.0
当然必需要靠透视的帮忙,5.667,4.667,0.943,1.247
一款有魅力的新茶,6.333,6.0,0.471,1.581
也可设定灯光亮度,5.6,3.0,0.49,1.414
而且同步时不够精确,4.0,3.4,0.894,1.625
美食化解的不仅是饥饿,6.0,5.333,0.816,1.7
本药是激发人体荷尔蒙产生壹种互相吸引力,5.333,4.667,0.471,0.943
含有较多的脂肪,4.6,3.0,0.49,1.673
女生就会更不勇敢,4.0,4.5,0.707,2.693
这是中国人极其不理智地自绝于传统,2.5,5.75,0.5,0.829
是总在革新传统,6.0,6.0,1.633,0.0
我是看节目才知道男人很愚蠢,3.0,5.75,0.0,0.829
组装起来很顺利,7.0,4.5,0.0,1.118
爹最近沉迷翻墙听迷之小广播,4.5,4.5,0.5,0.5
还是会默默付出,6.0,3.5,0.0,0.5
才华横溢位新秀2019,7.333,6.333,0.471,1.7
要求美国行政部门积极支援扩大台湾的国际参与,6.667,6.0,0.471,0.816
跟随人民日报逻辑,4.667,3.0,0.471,1.414
我脑子里智慧多到满出来,6.5,6.2,0.5,1.47
是你们支撑著我,7.0,6.667,0.0,0.471
全心奉献给所有家庭成员,7.5,6.25,0.5,0.829
先生说你偶尔可以依赖我,5.0,3.5,0.0,1.5
就多少体贴一点吧,5.5,4.5,0.5,0.5
10美股盘中反弹,5.0,5.333,0.707,0.471
亏损资金没有形成规模,5.667,3.0,0.471,1.633
妳支撑了多少支持者的心灵,6.333,6.333,0.471,0.471
可是再如此悲伤也有过去的一天,6.5,6.0,0.5,0.707
人一无所有的时候最清醒,3.667,4.667,1.247,1.7
什么就会折磨你,3.333,3.75,0.471,1.92
以延毕一年的代价,4.0,5.25,0.0,0.829
活该被压在地上摩擦,3.0,5.6,0.0,2.154
还可以促进课金,6.75,4.6,0.433,1.855
是觉得自己辜负了那些帮我加油,3.0,4.8,0.0,1.833
中华人民共和国内政腐败侵害人权,1.5,5.5,0.5,0.5
各种委屈的硕珍,4.0,3.0,0.816,2.16
但我还是接受不了他的土方,3.333,6.0,0.471,0.816
土方真的太毁灭,3.6,6.6,0.49,0.49
你经常受到生活中不如意的事所影响,4.0,5.667,0.0,0.471
可悲可叹可恨可怜啊,2.5,8.0,0.5,0.894
某地发生一起少年恶性伤人事件,3.0,5.0,0.0,1.414
你和所有人都是平等的,6.0,5.0,0.0,0.0
导致跑步完有点呕吐,3.5,5.0,0.5,2.0
式翻盘太精彩了,7.0,6.0,0.0,1.0
每一次引爆都会造成巨大地震,4.0,3.75,0.707,1.92
而且郭蹲下去的时候她的肢体僵硬到,3.333,4.0,0.471,2.55
卖弄一下矫情的文字或有限度的性感是,4.5,4.0,0.5,2.236
常常看到许多人把自己和伴侣的性生活,4.667,5.333,0.471,0.471
以命相搏是无奈之举,3.6,5.25,0.49,0.829
的计划再受挫折,3.0,4.667,0.0,1.247
每个群有助教维持秩序和整理问题,6.0,3.0,0.0,0.816
为病人保守隐私,6.5,4.333,0.5,0.943
这颗破掉的水饺和这颗漂亮的水饺你要吃哪一颗,5.0,4.0,0.0,0.0
同时性格刻画鲜明,6.0,4.75,0.0,0.433
并且可能是令人羞辱地,3.0,5.25,0.0,0.829
我们在原则问题上决不让步,6.0,6.667,0.816,0.943
但是看到他们频繁申请我还是很暴躁,3.667,6.0,0.471,0.816
自认为稍有松懈就会被别人抢走饭碗,4.0,5.667,0.0,0.471
甜心自己挖了个坑,4.25,4.0,0.433,1.414
的姿势可以降低你从障碍物后露出的轮廓,5.0,4.0,0.0,1.0
参选者大都以为自己有本事使台湾经济繁荣就可以被拥护当选,4.0,5.0,0.0,1.414
英超异常激烈的争冠大戏,6.0,6.5,0.0,1.803
连别人行房都逃不过他们那睿智的眼光,3.667,4.667,0.471,1.247
一定要把这个邪恶的体制彻底消灭,6.5,6.5,0.5,0.5
可惜没有奶只能靠召唤石辅助,3.5,4.0,0.5,0.0
五毛你恬不知耻,3.0,5.25,0.0,1.299
失业潮涌向街头,3.6,4.25,0.49,0.829
女政治家搞政治未必都是为了女权,5.5,6.0,0.5,0.816
我太了解自己了,6.667,5.0,0.471,1.633
韩指环评增加业者负担,4.0,4.2,0.0,2.227
拿撒勒人被人出卖钉上十字架,3.0,4.25,0.0,0.829
直击灵魂的拷问,4.333,5.667,0.471,1.247
武汉这块地界到底隐藏者什么,6.0,6.0,0.0,0.0
也就是异性间的隔阂和同性间的竞争,4.0,4.5,0.0,0.5
臭狗屎你也跟他辩论,3.333,7.333,0.471,0.471
这些人很可怜的,3.0,6.667,0.0,1.247
是中国的独特现象,5.0,4.333,0.0,2.494
郭文贵借股市用来炫耀自己,3.75,6.0,0.433,1.0
巧克力香味很有诱惑力,7.5,6.0,0.5,0.707
中国花馍艺术节近日在陕西渭南举办,5.333,3.0,0.471,1.633
无论他编造的郭条条有多完美,4.0,5.75,0.0,0.433
迷人的台湾太鲁阁风景引游客参观,7.5,4.75,0.5,0.829
但情人海滩仍然美得惊人,8.0,7.4,0.707,1.356
以其壮观的自然环境,6.5,6.333,0.5,0.943
夹在雄伟的岩石之间,5.5,3.5,0.5,1.118
清澈的蓝色海水,6.0,2.333,0.0,1.886
担当的他可以分担唱歌时的高音,7.0,5.5,0.0,0.5
但还是有意外了,3.5,4.5,0.5,0.5
郭台铭同时澄清说,5.0,5.667,0.0,1.7
就一帮说中文的不知什么人不断地在这里制造恐慌,3.0,7.0,0.0,0.816
绯闻总能占据微博热搜版,3.6,5.75,0.49,0.829
就这样不知不觉为你著迷了,6.6,5.6,0.49,0.49
把西方谨慎论调当侏儒,3.5,5.5,0.5,0.5
我们只是落向广袤大地的无数雨滴中那无名的一滴,4.0,2.75,0.0,0.829
整个口业爆炸性癖曝光,3.25,5.5,0.433,0.5
幼稚园时期的我,5.0,2.667,0.0,1.7
用纯真的心看见,7.4,5.0,0.49,1.225
374643人受伤,3.0,3.0,0.894,1.581
77应该比较算天然的自尊心高,5.5,2.5,0.5,1.5
生命逝去的悲痛,2.0,7.75,0.894,1.299
相互扶持的坚强,6.667,4.333,0.471,0.471
废墟上的重新站立,6.5,5.25,0.5,1.09
因为你遗传了妈妈的个性或是态度或是气质,6.0,4.5,0.0,0.5
水果的酸甜感跟巧克力的味道搭配起来满和谐的,6.333,4.333,0.471,0.471
他都会细心舔毛1,5.333,3.667,0.943,1.886
祝福全天下的母亲,7.333,4.0,0.471,2.16
今天逛诚品买了两本书,5.667,3.0,0.943,0.816
然后就把手机遗失在公车上了,4.0,5.333,0.0,0.471
你们可以侮辱我,3.0,7.333,0.816,1.247
和粑粑总是无障碍交流,6.667,4.667,0.943,0.471
实际上纽约慈航基金与慈善没有半毛关系,4.667,3.75,0.471,1.92
而且还精心准备了诸如体育用品,6.5,6.0,0.5,0.0
来自中国第一大电信运营商的忏悔,3.5,2.5,0.5,0.5
为祖国效劳是我的荣幸,7.0,6.5,0.0,1.118
凭什么这样的事情要保密,3.25,6.75,0.433,0.829
回国无门且官司缠身,2.5,5.75,0.5,0.433
焦虑的时候都靠滑手机来逃离,4.0,5.0,0.894,0.707
这样犹豫徘徊浪费了生命,3.667,5.0,0.471,0.816
傻一点不要批判,4.5,3.5,0.5,0.5
只是暂时为周恩来的替补罢了,4.0,5.25,0.0,0.433
我们班很多男的给我们俩起过讥讽的外号,3.0,5.5,0.0,0.866
也社交障碍不敢主动询问,3.0,4.6,0.0,1.744
不要说这么可怕的话嘛,4.333,4.75,0.471,1.299
人家才不是坏人呢,6.0,5.5,0.0,2.062
你是不是严重低估了小孩的小聪明和智商,3.6,6.75,0.49,0.829
以及家长本来就应该有的教养责任,5.25,5.4,0.433,1.356
撕开郭九条的伪装,3.75,7.0,0.433,0.707
是种身心舒适状态,6.6,3.25,0.49,0.829
反而下定决心与兄长一战,5.0,5.25,0.0,1.92
疑犯左手中枪后继续驾车逃走,3.667,4.667,0.471,0.471
被赶到的巡逻车警员制服,6.0,4.0,0.0,1.414
挣扎明天要不要去乙女市集,5.0,5.0,0.0,2.0
闹剧而沾沾自喜,4.333,4.667,1.247,1.247
以无知小丑的表演形式淋漓尽致的演绎,5.0,4.333,1.414,0.943
军事以混淆视听,4.5,3.0,0.5,1.0
企图将自己从刑事罪犯华丽转身为,3.667,6.0,0.471,1.0
为何区区一个政治庇护都需要申请,3.333,6.333,0.471,0.471
使人心支离破碎,3.0,5.25,0.0,1.92
是人类历史上绝无仅有的存在,6.333,6.667,0.471,2.055
达到鱼目混珠的效果,4.5,3.8,0.5,2.04
那些所谓的伤心痛苦和生活相比狗屁都不算,3.0,7.333,0.707,0.471
在世的短暂的一生中,4.5,3.5,0.5,0.5
又称季节性懒惰症候群,4.0,4.5,0.0,0.5
当然是理世宝贝,7.0,5.667,0.816,1.247
九州伴手礼推荐,5.6,4.0,0.49,1.673
永远都很耀眼的两人,7.0,5.667,0.707,0.471
衣服设计的很丑,3.333,6.333,0.471,0.943
当男性夸夸其谈鄙视身边女性的观影片单,3.0,6.667,0.0,0.943
您的孩子也会有突出的一面的,6.5,5.333,0.5,0.471
那种酸葡萄的孬种就别浪费口水了,3.25,7.0,0.433,1.225
我非常了解和钦佩的人,7.0,6.0,0.707,0.816
巨大的自豪感以及他在板球场上的巨大技能的巨大满足感,6.0,4.0,0.0,0.0
以及把这个世界交给撒旦路西法和他的堕落天使以及他们的反基督,3.333,4.75,0.471,2.586
当基督徒向他们发出关于这些精神实体的警告时,4.0,4.6,0.0,1.855
远离政治和媒体,4.833,4.857,0.373,0.833
以免被他们占便宜,4.0,6.0,0.707,0.816
钻研社会福祉的菁英,7.0,5.0,0.0,0.816
由于北京的网路封锁政策,3.667,3.333,0.471,1.7
习近平内外交战,4.667,4.333,0.471,0.943
乐于维持恶化现状,2.0,6.0,0.0,0.0
海军节过度维稳曝光,5.5,4.0,0.5,1.0
非洲猪瘟病毒流入本港令市民人心惶惶,3.0,6.0,0.0,1.414
没能说服美方取消2,3.4,4.0,0.49,0.707
川普总统认为美国吃亏上当太久了,4.5,4.75,0.5,0.829
这衹是权宜之计,4.5,5.5,0.5,0.5
那就让川普的鲁莽和冲动给那些人长个记性,4.0,4.667,0.816,2.625
不然倒楣的还是投资者,4.0,4.5,0.0,0.5
包含怎么应付一些有的没的,4.333,3.5,0.471,1.118
我们试图把他拉出来,4.333,4.0,0.471,2.16
商界已无助力可借,3.333,5.0,0.471,0.0
重赏也已经获胜了不可能会被处理掉,5.5,6.0,0.5,0.816
都是我用尽全力写的文,7.667,6.0,0.943,2.449
今天缺席家族聚餐的,4.0,5.0,0.0,0.707
但是数量多这一点你必须承认,5.0,5.25,0.0,0.829
众人忙惊惶相问,3.5,7.0,0.5,1.0
粤港澳大湾区城市挑战赛香港站得奖队伍出炉,6.0,4.0,1.0,1.0
缺点是有先入为主的观念可能吞不下,4.0,5.0,0.0,0.707
我就真的辞职给他看,3.4,6.5,0.49,0.5
头发会不停地自动长长,6.0,4.333,0.816,0.943
以及防水可以撑一整天的画眉毛用具,6.0,3.2,0.0,1.833
第一次来万国纪念公园,6.0,4.667,0.0,0.943
不少部员表现的很出色,7.5,6.25,0.5,1.09
因为有计较的时候,4.0,5.0,0.0,0.0
过敏体质人深有感触,4.667,6.0,0.471,0.816
来试试创业?挑战同埋刺激,6.0,6.25,0.0,1.09
这便是汝的恶习唷,3.6,5.25,0.49,0.829
时期的甜蜜现在的,4.5,4.0,0.5,0.0
不论我怎么期盼,4.0,4.5,0.0,1.5
那台湾人还在客气什么,4.0,6.6,0.707,1.356
特朗普下令启动余下3千亿美元中国货征税程式,5.0,2.75,0.0,1.479
最艰难的期末考,3.667,6.0,0.471,1.581
必须先学会辩解,5.0,5.0,0.0,0.0
跟水槽里的脏碗盘一样,3.4,5.5,0.49,1.118
道理不是尽在美国那边,4.667,6.333,0.471,0.943
他们激动又欣慰,7.0,7.0,0.0,0.0
中美贸易战的胜败取决于时机,5.0,5.75,0.0,1.299
练习过量劳损了,2.0,6.0,0.0,0.816
路过看到顺手点赞喔,5.667,3.667,0.471,2.055
我认识的军公教是都满节俭的,6.0,3.667,0.0,1.247
买菜买水果却选次级品,3.6,5.75,0.49,1.09
高一时候做的小花束现在还没丢掉呢,6.0,6.0,0.0,0.816
放到高三已经是干燥花了,4.667,4.0,0.471,0.816
连我刚刚去报案也处处刁难,3.0,6.0,0.0,0.707
不用再假装自己在乎我,3.0,7.5,0.0,0.5
直面质疑中共政权,4.667,5.333,0.943,1.247
从我眼前除掉你们的恶行,5.0,6.333,1.414,0.943
除了在全港不同地方设立辐射监测站,5.333,2.667,0.471,0.471
台北桥上的机车道,5.0,2.6,0.0,1.625
右半边的的刮痕做得很逼真很有味道,6.0,6.0,0.0,0.816
有啥资格嘲笑俄爹,3.0,7.25,0.707,0.433
现在前田不知所措地跑来向我求救,4.0,4.667,0.707,0.471
不用再看那些刺眼睛的文字,6.4,4.25,0.49,0.829
总目标是高雄要发财,6.333,4.0,0.471,2.16
限制可出租日数,4.667,2.667,0.471,1.7
流氓行径造反训练的,4.0,3.0,0.0,0.0
澳洲无处不成风景,6.333,5.333,0.471,0.471
许多破败的渔村与乡镇充满了海洛因成瘾者,2.6,5.5,0.49,1.118
精选百听不厌西洋情歌,6.6,6.0,0.49,1.225
不然只能用暗示的,4.0,3.333,0.0,1.247
而家揾紧适当时候去做电疗,5.6,4.0,0.49,2.0
这样的逆向淘汰就造成台湾政治的格局越来越小,3.0,5.75,0.0,1.09
一方强势另一方关怀,5.4,3.2,0.49,1.833
以上团体皆已破产,3.0,3.8,0.0,1.939
表示忧虑及关注,6.0,7.0,0.0,0.0
会加深社会矛盾,3.0,5.0,0.0,1.414
毕竟给国人信心也是一国吉祥物的工作,6.0,5.25,0.894,0.829
虽然是个到处犯错的白痴,4.667,5.667,1.247,0.943
一定令人热泪盈眶,6.0,7.667,0.0,0.943
而自己心生怨恨,3.0,5.0,0.0,2.0
不知道当年他们是怎么把校歌写得这样简洁,6.0,5.0,0.0,0.0
让遗眷备感温馨,7.0,3.5,0.0,1.118
我为太关注自己生命而羞耻,3.0,6.25,0.707,0.433
我不爽的是我感觉冷了,2.75,5.667,1.299,0.471
和高通起诉苹果的套路一样,4.5,5.25,0.5,0.433
那跟希本人的意志无关,5.0,5.75,0.0,1.09
而是这个国家的大方向已经转变,5.0,2.0,0.0,0.0
债务还有27,4.0,3.0,0.0,1.414
如果欧巴马即将执政的时候冒出一个他妈妈跟普丁生的私生子,4.0,5.333,0.816,0.471
从0到100亿的创业黄金公式,6.4,4.2,0.49,1.47
郑伊廷不讲信用,3.25,5.5,0.829,1.118
而中共利用这国耻巧妙的将民众怨气调离八九六四十周年,4.0,3.75,0.0,0.829
但他知道喜剧演员与丑角是不一样的吗,4.75,5.75,0.433,0.829
维护自己的尊严,6.0,3.75,0.707,1.785
财产被法西斯独裁习,3.667,6.0,0.471,0.0
非常下流无耻危害世界安全,2.5,8.0,0.5,0.707
郭文贵的态度已经很明确了,5.0,6.333,0.0,0.471
你暗中勾结郭妖迟早会曝光的,2.5,5.8,0.5,1.939
回个帖还躲躲藏藏在别人推下,3.5,4.5,0.5,0.5
曰自力更生更可靠,6.25,6.0,0.433,1.0
没什么不敢撒谎,4.333,5.5,0.471,1.118
老子脾气火的很,3.0,8.25,0.0,0.829
清明生日也是4,5.0,2.667,0.0,1.247
十年前的喷词比现在还儒雅随和,5.333,4.333,1.247,0.471
中国人反过来要抵制鸿海你怎敢,3.0,6.667,0.0,0.471
看电影拿会制造噪音的零食,3.4,5.0,0.49,0.0
能不能不要把自己智商低落的事情展露的一览无遗啊,2.5,8.25,0.5,0.829
这几个作秀都很突兀,3.5,5.5,0.5,0.5
这是为了之后要拯救中国,6.0,6.0,0.0,0.0
预言有提到中国拆教会和虐待信徒的报应吗,3.0,5.0,0.0,2.0
怎么会举著侵略国的旗子,4.0,5.333,0.0,0.471
发烧都烧了三天了还说是一般感冒,3.0,7.333,0.707,0.471
影片为乡下的热情鸡鸡,6.667,6.0,0.471,0.816
然后大家都慌张成智障,3.5,6.667,0.5,0.471
都拿来咀嚼感慨,3.667,5.5,0.471,1.118
啊呸呸呸呸呸呸,3.0,8.75,0.0,0.433
还有有名的人上电视替它们宣传,6.0,6.0,1.0,0.816
她跟我讲了一些令人作呕的餐馆幕后事,3.0,5.667,0.816,2.055
其言语刻薄恶毒,3.0,4.667,0.707,0.471
调戏妇女挑逗年轻女性,3.25,5.0,0.433,0.0
出于善意真恶心,2.6,6.0,0.49,0.707
当时我震惊了10秒,4.5,7.0,0.5,0.0
小龙虾养殖基地梦破灭,3.0,6.25,0.0,0.433
就你这德行还台湾优先,3.5,7.25,0.5,0.829
京都人不堪其扰突显全球观光城镇的美丽与哀愁,3.333,4.333,0.471,0.471
请你蛮横地加入,5.25,6.2,0.433,1.47
还轮得到他们一天到晚在网上放屁,3.0,7.5,0.0,0.5
怎么不说高盛的腐败,3.667,5.0,0.943,2.16
中国农业有多落后你说来听听起,3.5,6.667,0.5,0.471
你们是中国最没良心的混蛋,2.0,8.0,0.0,0.707
不如说是犯罪的天堂,3.25,5.5,0.829,0.866
美国政府只是像养狗一样放纵他们撕咬自己曾经的祖国,2.5,6.5,0.5,0.5
可别再冒充基督徒了,3.75,6.25,0.433,0.829
基督徒的名声会让你这种牲人败坏的,3.0,8.0,0.0,0.816
中国人以这种朴素的价值观,5.333,3.0,1.7,1.414
大家说谁是混蛋王八蛋,2.6,6.75,0.49,0.433
毕业于知青劳改队的文盲习近平,3.75,5.0,0.433,1.225
怎能开赌场却放任大家投注到八点,3.0,7.0,0.0,0.0
那也犯不著给他们到处游走找借口,3.4,6.5,0.49,0.5
不再拿来轰个几次才是笨蛋,4.0,7.0,0.707,0.0
沦为支那的一部分,3.333,5.667,0.471,2.055
她逃亡到过10年追诉期,5.0,3.0,1.0,2.0
不像信义区统一时代分店全部都有,4.333,5.0,0.471,0.816
我说过我不会流泪,5.25,7.5,1.785,1.118
用他们压榨别人回来的钱捐款甚至资助新创,4.4,6.0,1.744,0.0
说要拓宽的是没远见的草包,2.333,6.0,1.247,2.449
感觉我是不是再次迟钝了,3.6,5.25,0.49,0.829
又迟到了!!!!!!!!!,3.5,8.0,0.5,0.894
谎言连篇倒是第一!,3.0,7.75,0.0,0.829
分割槽表型别呢,5.0,4.333,0.0,0.943
至于我那些仇敌,4.0,5.2,0.0,2.227
但我人真的很手贱,3.6,6.25,0.49,0.829
把人家的孩子送进监狱,3.0,2.333,0.707,0.471
这几年这厮一直不遗余力地诋毁李文足,3.0,6.25,0.0,0.829
当时英国出来调停,5.0,2.75,0.0,1.785
荡妇一边和老公通电话,3.0,6.333,0.0,0.471
和伪造的反犹太主义传教士和武器人,3.667,4.333,1.247,2.357
然后自己判断为什么种族主义者丹尼贝克获得了一张免费通行证或者这些可憎的母亲为他提供的蹩脚的借口,4.0,4.0,0.0,0.0
还不知道这是会让人很不舒服的吗,3.333,6.333,0.471,0.471
幼儿又开始发烧,4.0,5.5,0.0,0.5
先是当了大坏蛋舅舅,3.6,4.8,0.49,1.939
我跟弟弟很生气,3.0,7.5,0.0,1.118
这回贸易战会牺牲很多无辜者,3.0,5.2,0.0,0.98
世界上最可笑的就是像你这种靠共产党发的五毛养活,2.5,8.75,0.5,0.433
火气大了不起是不是,2.5,8.0,0.5,0.707
这是台湾最低阶的小旅馆,4.5,5.0,0.5,1.0
为一个上台4年一事无成的婊子喝彩,3.0,5.667,0.707,0.471
总是选择陷阱让自己跳,3.0,3.333,0.0,1.886
而高通牢牢把握了3,5.0,4.0,0.0,2.121
但是在欺诈作弊上可是老手,3.333,6.0,0.471,2.16
不排除天朝和他同谋,4.0,4.0,0.0,0.0
蔡英文自己就是专制,3.5,7.0,0.5,0.816
板中最近发起的男裙周因为在高中校园中还算是崭新的活动,6.5,4.2,0.5,1.939
他是不是大脑萎缩,3.667,5.333,0.943,0.471
今天刷推很踊跃的样子,6.6,6.0,0.49,1.414
比起聊著时事八卦,6.0,4.0,0.0,0.0
贫道首创的捏虫龙爪手,5.5,5.5,0.5,1.5
称威廉出轨杂志,4.333,5.0,0.471,0.0
总是非常滑稽且激烈的进行,4.8,7.5,0.98,0.5
老郭一直以获取美国政庇为首要目标,3.5,4.5,1.5,3.5
在一片哗众取宠中继续编造虚假档案,2.0,5.333,0.707,0.471
你可以不惜信誉和成本替他人继续造谣污蔑,3.333,5.333,0.471,1.247
总觉得这年头光天化日下会看到的几乎都是无关紧要的私事被三流媒体扒粪,3.333,6.0,0.471,0.816
总给我讲她们学校的阴暗面,4.0,4.667,0.0,0.471
考验我军必胜的决心,6.0,8.0,0.0,1.0
白宫是小喇叭下达命令的指挥中心,5.0,3.0,0.0,0.707
关注切断电话已,4.6,2.25,0.49,1.299
当值犹太裔恶人,3.0,5.0,0.0,1.0
太平天国王亲自座镇支援孙膑和刘伯温和神国中情局天使们用尽所有方法仍然无法开通,4.0,4.333,0.816,1.247
离扣扣二审判决就过去一个月了,5.0,2.0,0.0,1.0
我可没有反驳你说的问题,4.5,6.5,0.5,0.5
但是我没有?电梯抽烟道德阿,3.333,6.5,0.943,0.5
可是台湾人说这种话真的完全没法不赞成,4.5,6.5,1.5,0.5
不给最后的答案难道要盲目跟媒体风向,3.5,7.0,0.5,0.0
感觉酒醉之后才是真话,5.0,4.667,0.707,0.471
三度提出司法请求与会商要求,5.0,3.333,0.0,0.471
坊间建议不可行,4.333,4.0,0.471,0.707
声誉卓著的众多资深大律师,6.5,5.333,0.5,0.471
下属在不加思考分析下只懂附和奉承上司,3.0,5.0,0.0,0.0
我是不是不该让老师寂寞继续去,4.0,5.5,0.0,1.118
村里人称陈光诚相当倔强,5.0,4.0,1.414,2.16
在加上台湾一面倒向美国,4.0,3.667,0.816,0.471
我来日本以后从来不跟支那人交往,3.333,5.667,0.471,0.471
最重要的不是甜言蜜语,6.0,5.0,1.0,0.0
冻结没收美国在华资产,3.667,4.333,0.471,0.943
宋专门写了一封电报给蒋经国,5.0,3.5,0.0,1.5
让中共迅速壮大,4.0,4.0,0.707,2.55
你尽可安心与他同行,7.0,4.5,0.0,0.5
还有他是美人鱼,5.6,3.6,0.49,2.154
内心其实瞧不起,4.0,5.5,0.0,2.5
说明你真是一个烂货,2.4,7.5,0.49,0.5
手脚指都发炎了,3.4,4.5,0.49,0.5
由于在中国没有建立统一完善宪政体制导致为了政权,3.667,5.333,0.471,0.471
势力冲突而上演了空前历史悲剧,2.4,7.0,0.49,1.225
她的东西经常被毁坏,3.75,3.6,0.433,1.855
他们两边都受骗,3.2,5.0,0.98,0.707
把学生们训练成考试机器,3.0,4.0,0.707,1.414
抑郁症也是精神病,5.0,4.0,0.0,0.0
总是在处于一定不明确的担忧,3.333,4.667,0.471,1.886
多是政治投机犯,3.0,3.333,0.0,0.943
残酷的党内权力斗争,3.0,7.0,0.707,0.0
不必因缺钱而被驱逐,7.0,5.333,0.0,0.471
使她们在任何时候都能免于恐惧,6.333,5.333,0.471,0.471
如果你真的英明神武,4.333,6.0,0.471,0.0
当你们当中的感言者被关押酷刑时,3.5,4.0,0.5,1.0
让生活更便利一点的小物,6.0,5.0,0.0,0.0
促成故事的分别在这里,5.0,3.667,0.0,1.7
完全呈现当代关系的各种微妙观察,5.6,5.5,0.49,1.118
各种偏执与需要被照顾到的情绪都有了清楚的面向,6.5,4.5,0.5,0.5
婚姻平权的战斗,5.0,5.0,0.0,2.739
容许法庭严惩释出假新闻或资讯的个人及网路平台,5.5,5.333,1.118,0.471
他们试图将狭隘的,5.667,3.25,0.471,1.92
更不见有任何才智足堪替,3.6,4.25,0.49,1.299
胡锦涛去到哪就追到哪誓为李旺阳讨回真相,5.0,5.0,0.0,2.757
这样房价会下跌,5.0,5.0,1.0,1.0
连掩饰都不掩饰,3.333,6.0,0.471,1.633
是她的花招变更花俏,5.5,5.333,1.118,0.471
又要去看赞助孩子的才艺表演,5.5,5.667,1.118,0.471
说彭暴露了共畜主力,4.667,2.667,0.471,0.943
把日军的进攻引到了共畜区,5.5,6.5,0.5,1.5
鼓动他人做烈士是居心叵测的,3.0,7.0,0.0,1.581
生孩子就有责任养育教育,6.0,4.0,0.0,2.449
川普挖苦奥巴马,3.333,4.0,1.7,2.16
将钥匙托付给在新疆关押上百万穆斯林维吾尔人却毫无悔意的政权,2.6,5.75,0.49,1.09
绝不承担法律责任,5.0,5.75,0.0,2.861
万一中美谈判破裂,3.5,5.5,0.5,0.866
只是标准作业程式北韩在4日及9日二度无预警发射不明飞行物,3.6,5.0,0.49,2.0
即使美国把中国产品的关税全部提升到1,4.333,6.0,0.471,1.633
普选给予人民选择的基本权利,7.0,5.25,0.0,0.433
台面上争吵不断的各国领导人,3.0,4.0,0.0,0.0
所有纷争都能迎刃而解,7.0,5.75,0.0,0.433
吵架也是一种沟通,6.0,5.0,0.707,0.0
4成苏格兰保守党选民,5.0,1.333,0.0,0.471
你就开始新一轮的论战,5.0,4.0,0.707,2.55
不是给大家当休闲娱乐的,3.25,5.5,0.433,1.118
其次要摈除政治文明中的党文化的谩骂攻击,4.0,5.25,0.707,1.479
她@边指责一边清扫,4.0,5.5,0.0,0.5
究竟是否真的算是影史票房冠军,5.0,5.667,0.816,0.471
我宁可花时间去游说华脑,4.5,5.25,0.5,1.299
可以查到网站所有权已属于基金会,5.0,2.0,0.0,0.707
1说是制度悲哀1说是人悲哀,4.0,4.667,0.816,0.471
这什么奇妙的展开,6.0,6.5,0.0,0.866
不知道谴责刽子手,3.6,5.25,0.49,0.829
预算软硬体建设等内政,5.0,2.5,0.0,1.118
形象吹的神勇无敌,5.0,5.0,1.0,0.0
一般人不易听懂,4.5,5.0,0.5,0.0
站街的妓女看谁都是出来卖的,2.5,6.0,0.5,1.0
那么高尚的是王,6.75,5.0,0.433,0.707
你是全世界最不龌龊的人,6.75,6.5,0.829,0.866
别拿出来丢人现眼了,3.0,6.667,0.816,0.471
嘴里没有一句话能让人信服,3.0,6.5,0.0,0.5
而是纯粹为了用自己的理论来讽刺,3.0,5.75,0.0,1.639
一个万人唾弃的红色通缉犯和一个被边缘化的所谓,2.333,6.667,0.471,0.471
反而是老美假话都那么可信,3.75,5.25,0.433,0.829
中国移动赴美开展业务被美否决,4.0,4.0,0.0,1.0
感觉政策还是有些极端了,4.0,6.0,0.0,0.0
连朝代国号都混乱不堪,3.0,7.0,0.894,0.707
近视眼感觉受到了冒犯,3.333,5.667,1.247,1.7
我们会加以重视的,6.6,5.75,0.49,1.299
可能我不经意的一句话依然会刺伤他人,3.0,6.0,0.0,0.0
而在那些读书不少但学识不深的人看来,5.0,4.0,0.0,1.0
你翼望戏弄风吹,4.0,6.0,0.0,0.0
这本质上可能是厌世厌生,4.0,5.0,0.0,0.0
于社会伦理有悖,4.0,4.5,0.0,1.118
这是完全被剥夺了人权,2.75,7.2,0.433,1.6
也不会恶言相向,6.0,4.0,0.0,1.673
所谓拆除都是违建,4.5,5.0,0.5,2.0
已经快顶住高压线塔了么,4.5,4.0,0.5,2.121
一个被冤枉下狱的人,3.0,5.0,0.0,0.707
以迷信和乌托邦,4.0,4.0,0.0,1.0
即使是责备劝勉,4.5,6.0,0.5,0.0
有时他们骂得不中肯,4.0,5.0,0.816,0.816
是人体自动调节平衡所表现出的状态,5.0,3.667,0.0,0.471
天天咒骂就能灭绝的,4.0,7.5,0.0,1.118
你们如果不饶恕别人,4.5,7.5,0.5,0.5
可见庆丰太监们只敢背后黑屁和下体升级性骚扰以及迫真自杀,2.5,6.0,0.5,0.0
我们在陈述的是你国人事实行为,4.75,5.0,0.433,0.707
他忧心忡忡地说,3.333,5.333,0.471,1.7
而政治保卫部更有监视和暗杀手段,4.0,5.2,0.0,1.6
这是老天爷在处罚台湾人民吗,3.5,6.0,0.5,1.414
色戒的一个缺憾,3.25,2.5,0.433,1.118
开启一场美妙的约会,7.2,5.0,0.98,0.707
比小学生的智力都不如,2.5,7.333,0.5,0.943
兽医一直说叫我们不要逗弄他,4.5,6.667,1.118,1.247
常常听到的古典制约之类的,5.0,4.667,0.0,0.471
而且为什么尹寻的动作这么熟练啊,5.5,6.0,1.118,0.707
我过的怎样还轮不上你插嘴,3.0,6.333,0.0,0.471
我爸爸癌症确诊,3.25,5.2,0.433,2.04
我爷爷过世时我爸已经35岁了,5.0,1.667,0.0,0.943
只是做个适性测验怎么这么难,4.25,6.5,0.433,0.5
但其实我期望以前的自己再更努力,5.5,5.8,0.866,0.98
从国中知道他是台中人就觉得特别有亲切感,6.333,5.0,0.471,1.414
纯全可喜悦的旨意,7.0,6.333,0.0,1.247
尽情放肆尽情冲刺,6.75,6.4,0.433,1.744
我们何必苛责她,4.5,5.6,0.5,1.625
他富有我不觉得自己高攀,6.0,5.25,0.0,0.433
去遇见各种未知,6.5,5.75,0.5,1.09
被持枪抢劫130万女官员,3.0,5.0,0.816,2.449
阴谋驾机外逃集团,3.0,6.0,1.414,0.816
并且像他自己一样狂热和棘手纳粹,3.667,5.333,0.471,3.091
如果是我就玻璃心碎了,3.0,6.6,0.0,1.2
晚上一边过敏发作狂喷嚏一边洗婴儿屁股以及唱歌讲故事陪睡,4.0,5.333,0.0,0.471
还不是吝啬金钱,3.0,5.0,0.0,1.414
什么团体里都有没判断力的人,3.25,6.25,0.433,1.09
显然不可能化腐朽为神奇,4.0,4.6,0.0,1.2
就如同你信赖他吗,5.0,4.333,0.0,2.357
是真的能够撼动人心的,7.5,7.0,0.5,1.414
本周最令人印象深刻的一个概念,6.667,5.333,0.471,0.943
然而这些帖子非愚即恶却是不争的事实,3.0,6.0,0.0,0.707
美称马杜罗要流亡古巴,4.0,3.25,0.0,0.829
基本上任何涉及现实的文艺作品都能被粉蛆意淫歪曲,2.5,5.25,0.5,1.785
在豆瓣竟被拿来嘲弄日本,3.0,6.5,0.0,0.5
奴隶的祖辈一开始被奴役时,3.667,4.0,0.471,1.414
造假于一身的黑中药企业会不会走向它应有的末日,4.0,5.667,0.0,0.943
真是颠覆了我的三观,4.0,6.75,0.894,0.433
牠们才跪得心安理得,6.5,3.5,0.5,0.5
你的神精系统有故障吗,4.0,6.25,0.0,0.829
每个人都须要被宽恕,7.0,4.667,0.707,0.471
是上帝给我们最美的恩典,7.5,6.25,0.5,0.829
这是不恰当的讲道,3.4,5.5,0.49,1.118
同时持著刀笔次向被害人的心脏,3.0,3.75,0.0,1.299
狠心弃养自己的骨肉,2.6,6.0,0.49,0.894
还振振有词不知羞愧,3.0,7.0,0.0,0.707
也隆重邀约不同语言,6.5,4.5,0.5,0.5
消耗的卡路里都白费了,3.6,5.2,0.49,1.47
愿你照你的话怜悯我,3.333,5.0,0.471,2.16
虔诚无比的祷告无限,6.667,2.333,0.471,0.943
不了解他的性情,4.0,3.667,0.0,1.886
佛菩萨是最慈悲的,8.0,3.667,0.707,0.471
英国和美国共谋把色情视讯和教学视讯放在谷歌视讯档案里面,3.667,5.333,0.471,0.471
他为中国民主奋斗了一生,7.0,5.0,0.0,0.0
这些祝贺安拉的使者,6.333,4.667,0.471,0.943
其中仁慈会下降的月份,4.0,2.0,0.0,0.0
真的是太可恶了,3.0,6.25,0.0,0.829
可以照著永恒生命,6.0,4.333,0.0,0.471
都会看见盼望与价值,7.0,5.5,0.707,0.5
都是出于施舍者,4.5,4.5,0.5,0.5
从前是我太任性太不争气,3.0,6.5,0.0,1.118
两位主持人称得上是令人敬佩的基督徒,7.0,4.5,0.0,2.5
华文世界的人能活得这样体面,6.0,2.5,0.707,1.118
不一起庆生不代表我在你心中不重要,7.333,7.333,0.471,0.471
状况极差的我在床上昏沉的度过一整天,3.0,4.5,0.0,0.866
莲舫只会跟工作有关恩人,6.0,3.5,0.0,2.5
而且我很乐意给他们慈悲的最后一击,5.5,6.0,1.118,1.225
只是妳得设法忽视他背后那根情绪反应变化既强烈又明显的隐形尾巴,5.0,3.0,0.0,2.0
九份的旁支小巷就留待有空时自己独游品味吧,6.5,4.0,0.5,1.0
一切的一切都在适应中,5.333,3.5,0.471,2.598
原世界第八大奇迹,6.25,6.667,1.299,1.247
整排鞠躬倾斜的老房子,4.0,5.0,0.707,1.414
质朴踏实的邻家型,6.6,5.0,0.49,0.707
本大小姐一向和蔼可亲,7.0,5.75,0.0,1.299
恭喜你出道1000天了,7.0,6.333,1.414,0.471
我又要赞美泰国电影,6.75,5.0,0.829,0.707
他真的是万能的,8.333,5.5,0.471,1.118
也请霖粉们多多互助,7.0,6.0,0.707,0.0
或是闪光灯照出来效果总是让人吃惊,6.0,5.5,0.0,0.5
附十合一专业宠物清理配件组,6.0,4.0,0.0,1.0
放过一遍后再也找不到二次回味的欲望,3.0,5.5,0.0,0.5
靠著谐音恶趣味来命名的建案,4.333,4.0,0.471,0.816
原因归咎于只靠红色权贵基因库挑选,3.4,6.0,0.49,0.0
婚姻家庭制度本身就在瓦解中,3.6,5.0,0.49,0.707
唔会因为样衰而有??做唔到,5.5,3.5,0.5,2.5
整个官僚机制和国民内斗的齿轮咬合咬合,3.5,6.0,0.5,0.0
如果我们要清算他,4.0,6.333,0.816,0.471
要懂得在混沌中赋能自己,6.5,4.0,0.5,1.0
我看不懂把宗教理由推动的暴行,4.0,5.0,0.0,2.16
年民进党空前大挫败,3.0,6.5,0.0,0.866
支配与施暴的生活便随即展开,3.0,5.0,0.0,0.707
觉得还是要努力维持跟改善,6.667,5.333,0.471,0.471
譬如酒驾骑车摔水沟昏迷,4.0,4.0,0.0,0.0
原来我有受虐的倾向嘛,4.75,6.75,0.433,1.479
让台湾几乎倒退回数十年前的加工出口特区,3.0,5.0,0.707,0.0
一家旅店员工在客房发现三具尸体,3.0,4.0,0.0,2.0
和042的推特我能怎么办我也很绝望啊,3.0,6.0,0.816,2.16
我是百分百的深有同感,6.0,7.0,1.0,1.0
亚里斯多德为何会如此轻率做出老鼠是腐草生出来的,4.333,6.333,0.471,0.943
新的非人格化的父亲,5.0,4.333,1.633,0.943
北韩频试射武器全球70国敦促平壤弃核,4.667,6.333,1.247,1.7
庆富案录音档流出,4.5,5.5,0.5,1.5
而后颤抖著土下座道歉的我是今天的亮点,4.667,4.667,0.471,2.625
欢送台华奖毕业生,6.6,5.5,0.49,1.118
反而在空中小姐欢呼簇拥下登机,8.0,7.0,0.0,0.0
欢聚在一起赞美神,7.0,6.0,0.0,0.707
底比斯最强大的神圣兵团,6.5,6.25,0.5,1.299
九天玄女等神从而增进宿命论中的姻缘,6.0,4.0,0.707,0.816
如果我果断独自沉淀,4.333,3.667,0.471,2.494
蓝瓶乖乖听话水,5.5,4.5,0.5,1.118
老经理特别嘱咐要款待的美国青年和他神秘的英国恋人,6.0,5.0,0.0,1.414
这一次圣终于要开拓新地图前往王城之外的地方了,7.0,5.4,0.0,1.855
但圣和团长的互动真是缓慢得让人心焦急啊,3.5,6.5,0.5,0.866
是有什么疾病么,4.0,5.0,0.0,0.0
一方面说大陆压迫世界卫生组织,3.0,6.0,0.707,0.816
一方面又说台湾是国际赞誉的民主,5.4,3.8,1.2,1.6
这种女生的心思本来就无足轻重,4.333,5.333,0.471,1.247
这种阴影就可以用,5.4,3.6,0.49,2.059
为什么贴纸出入境泰国顺畅无比,4.5,5.5,0.5,0.5
凡得此症的人都以得病为荣,6.0,6.0,0.707,0.816
莫斯科制定作战计划,5.0,1.5,0.0,0.5
那是疑虑重重的时期,3.667,4.0,0.471,2.16
那是阳光普照的季节,7.0,4.5,0.0,0.866
就无所顾忌地开始胡闹,3.0,5.333,0.0,0.471
虽然知道砲口应该要朝向上级,4.6,5.0,0.49,0.707
台湾能存活下来只有靠灵活的外交,5.5,6.0,1.118,0.0
靠著间歇性断食跟不怎么碰含糖饮料,6.0,5.5,1.0,0.5
结果延期到下下下周了,3.25,5.4,0.433,1.2
这件裤子我把他挂在衣橱里当作警惕,4.75,4.2,0.829,2.315
为能捐献高质量,6.0,4.0,1.0,0.816
太真诚的表达内心,6.5,4.4,0.866,2.245
不过偶尔也是要让自己放松的噢,6.0,6.0,0.894,0.707
但是她的脸完全是纯天然的,7.0,5.5,0.707,0.5
甜美清新会聊天,6.333,2.333,1.247,1.886
只有没有钱跟赚不到钱跟很小气的男森才会说人家拜金女,3.667,7.0,0.471,0.0
一旦中共霸占台湾,2.333,5.0,0.471,1.414
最多只能享有动物权,5.75,4.75,0.433,0.829
此举非常不明智,2.5,4.667,0.5,0.943
而不是伸手要福利,3.5,5.5,0.5,0.5
郭文贵的奇葩言论不仅一再让华人寒心,3.4,5.5,0.49,0.866
在任意500米上突破后,6.0,4.333,0.0,2.494
除非生活遭到重大的变故才会中断,3.0,4.5,0.0,2.5
母亲为了孩子可以不顾一切,6.5,7.0,0.5,1.225
从追猫的勇猛来看,6.5,4.667,0.5,0.471
其实就一神经病,3.0,7.0,0.0,0.707
冻结龚仁心等四人职务,3.667,3.333,0.471,1.7
这不是信仰而是亵渎神灵,3.0,6.75,0.0,0.829
看看这精美滴握手,7.0,4.75,0.0,0.433
瑞岩溪野生动物重要栖息环境,5.333,2.667,0.471,1.7
香港人要全部出来抗争,5.5,6.0,1.118,0.816
摆出忠孝仁义和,4.5,6.0,0.5,0.707
你们的女神林昭能激励你们什么,3.75,6.5,0.829,1.5
这样的人怎能被小恩小惠收买,3.6,5.75,0.49,0.433
于是我们看到生育率下降,3.5,4.0,0.5,0.0
不肖子孙谈不上心理素质,2.667,7.333,0.943,1.7
但是之后又会很内疚,3.667,5.667,0.471,1.247
后徐被军法处置后,4.6,3.8,0.49,0.98
又何必苦苦自责,3.75,5.5,0.433,0.5
才是造成你目前窘迫阴郁懊悔心态的原因,3.333,5.667,0.471,0.471
眼泪还是止不住,4.25,6.0,0.829,1.581
应该也影响到了公司的名声,3.6,6.0,0.49,0.0
虐童案引全台公愤,2.5,7.5,0.5,1.5
论述周代的官样文章和文网严密,5.0,3.0,0.0,1.414
八九个月了还不会自主入睡,4.0,5.0,0.0,0.894
结果丈母娘跑来干涉,3.6,5.5,0.49,0.5
回答问题说话有点分心,4.0,3.25,0.0,0.829
开始将资产分散转移,5.0,3.0,0.707,2.0
醒来嗓子紧绷吐痰是黄红色的,4.667,4.0,0.471,1.581
巴基斯坦一五星级酒店遭武装突袭,3.0,3.75,0.894,0.829
某派主张压制某派,4.5,5.5,0.5,0.5
双普通电话并非突发事件,4.333,4.333,0.471,2.357
加上武力悬殊太大,4.667,3.25,0.471,1.785
换勾引肌肉直男原创的私信我就可以,6.0,6.0,1.0,1.0
看来我得再自我审查一下措辞,4.333,3.0,0.471,1.414
人家是及时行乐他们是及时多讲两句闲话,3.0,6.0,0.0,0.0
但令我心动的是他看我的眼神,6.0,7.0,0.0,0.816
虽然我无视他的最后通牒,4.4,2.75,0.49,1.299
中国人将成为世界上最悲惨的奴隶,3.0,5.75,0.707,0.433
由自己一手创立的世界贸易规则,6.0,5.667,0.0,0.471
为了防止偏听偏信,5.667,3.667,0.471,1.247
而送中国人渗透,3.5,5.5,0.5,1.118
因为野蛮人有自动过滤文明人功能,3.5,5.25,0.5,0.829
没有加倍的勤奋,4.0,4.25,0.0,0.829
所以毛也是最为诡计多端的,4.0,6.333,0.0,0.471
自己要送异性恋先淘气的业余女孩,5.667,4.0,0.471,2.16
与那些写快餐网文出名的所谓少年作家相比,4.0,7.0,1.0,0.0
还要在此基础上加强司法协助,5.5,4.5,0.5,2.5
能做你爹的还不够高贵,3.4,6.2,0.49,0.98
潜伏在皖南的山村水廓间,6.0,2.0,1.0,1.0
当然天资会影响成效,4.5,5.25,0.5,0.433
一路走来虽没有因而带来助益,5.333,2.333,0.471,1.247
我能报答的礼物,6.0,3.0,0.0,1.414
权的演技又磨练了不少收放自如,6.25,4.4,0.433,1.744
激动处青筋爆现,5.0,5.75,0.0,1.92
手掬一束白色波斯菊贴于平坦的胸前,5.0,2.0,0.0,0.0
这是营运在引诱我钻抽的陷井,3.333,5.0,0.471,0.816
张会感染全世界,4.75,5.75,0.433,0.829
完全不顾形象的跟哭给你们看是吗,3.333,6.333,0.471,0.943
西格玛那张脸看起来真的不像反派,5.0,3.667,0.816,1.7
这个照片看了心酸酸,2.75,5.0,0.433,0.707
那简直一文不值,2.333,7.333,0.471,0.943
蔡英文已经不止一次违反中华民国宪法,3.0,6.667,0.0,0.471
被圈养获得的安逸,5.5,3.0,1.5,2.0
压迫与偏见的国际社会中,3.4,5.25,0.49,0.829
政府财富不是那样计算的,4.0,4.667,0.816,1.886
那是政府富裕的标志,6.0,6.0,1.0,0.0
首先中国的工业用地价格就会暴跌,3.667,6.333,0.471,1.247
共产党垄断了一切,2.667,6.5,0.471,1.118
颜色却还蛮协调的,6.667,4.5,0.471,0.5
性欲与食欲都有剧烈的波动,5.0,7.0,0.0,0.0
今天我到底生了什么样的善心,5.333,4.333,0.471,0.471
但中国并不畏惧,6.0,6.333,0.707,1.247
行坏事的房仲乔福,3.0,5.5,0.0,0.5
它只不过是根基于一些假冒人民之名躲藏在幕后的人上,2.0,4.0,0.707,1.581
免得你因此陷入网罗,3.75,4.6,0.433,1.356
中国早已不是外向出口型经济了,5.333,4.333,0.471,2.494
偶尔会有点小腹黑小坏心眼,4.0,5.667,0.0,0.471
论专业根本就是外行啊,4.0,5.667,0.0,0.471
谦逊自持巍巍风范,7.75,4.2,0.433,1.47
这帮家伙就是内战内行,3.5,6.0,0.5,0.707
货币贬值为什么可以抵掉关税,5.0,4.5,0.0,2.5
五十度系列是给欲望大胆子小的外行大妈们看的,4.4,4.25,0.49,0.433
17世纪就被外科医生用来治疗外伤口的愈合,6.0,2.5,0.0,1.5
有个要考诗大的男孩在和我调情,4.667,4.333,0.471,1.7
原本有条不紊的编剧表演变成语无伦次的胡扯闲谈,3.0,5.75,0.0,1.299
一起前往盛大的歌舞庆典吧,7.5,7.0,0.5,0.707
让家事纠纷减下去,6.0,6.0,0.0,0.0
最后可能会被海给淹没了,3.25,5.75,0.433,0.433
真若出现像洪水决堤那样大规模的民,4.0,4.667,0.816,2.867
知道了什么是资产负债表,5.0,4.5,0.0,0.5
内心里却是丰满的,7.0,5.0,0.0,0.707
他们之所以嚣张跋扈,3.4,5.0,0.49,1.673
世界一流的水准,7.75,5.667,1.299,0.943
经营自己的传统,6.4,3.2,0.49,1.6
黑暗中的一点萤火,6.667,2.0,0.471,1.414
悲恸的心被温情包裹,6.0,5.5,0.0,1.118
但是他用的方式方法触犯了体制大忌,3.5,5.75,0.5,0.829
一定就必须引进外来的,5.0,4.8,0.0,2.561
监禁中国人二千多年了,2.6,4.2,0.49,1.6
战后特殊时期的通货膨胀并不稀奇,4.667,4.333,0.471,1.247
我们的绝热板的效能达不到英国和日本的绝热板的效能,4.0,4.0,0.0,0.707
逆境和业障是有,3.75,3.8,0.829,2.315
网上有人质问我,4.0,3.667,0.707,0.471
你就可以失眠一整晚了,4.0,5.333,0.707,0.943
结合人类身体美感与力量美感的作品,6.667,4.667,0.471,1.247
奉劝那些仍然在文贵绘制的黄粱美梦中沉醉的蚂蚁们早日觉醒,3.0,5.5,0.707,1.118
上帝会惩罚残暴的美国暴君,6.75,5.8,0.433,1.6
总有一些肮脏龌龊之人为了蝇头小利甘愿当狗腿子汉奸,2.667,7.0,0.471,0.0
请拉著我的手一起逃跑,6.0,5.6,0.0,1.855
令现场观众震撼落泪,7.667,6.5,0.943,1.803
而非像我们有时在书写文字或文章时后或在聆听或阅览文字时感受是直接用负向去抒发或用著文字是如此尖锐的,4.5,4.0,0.5,1.0
卡塔库里的唯一致命伤就是自己戳了自己一戟,4.0,5.5,0.0,0.5
最浅显易懂的方式推广蔬食,6.4,4.5,0.49,0.5
的态度很惹人生厌,3.0,6.5,0.0,0.5
昨天的行情瞬间上下剧震确实让所有人目瞪口呆,5.0,7.0,0.707,0.0
就是产业链还没成熟,3.5,4.667,0.5,0.471
他们是纯真的反叛,5.5,5.0,0.866,0.707
有的父母是严厉的管教孩子,5.333,3.0,0.471,1.633
过了两分钟没办法撤回了,4.0,5.5,0.0,0.5
去年的我们举班欢庆,7.0,6.25,0.0,0.829
习近平访英团粗鲁无礼,2.667,6.333,0.943,0.943
全跌落伊朗境内被俘,3.0,3.75,0.0,1.92
更难堪的就是像马前症腐的2009,4.0,4.0,0.0,0.0
展现自己健美肉体以敬神,7.0,6.25,0.0,0.433
丢弃支那廉价产品,5.0,5.667,0.816,0.943
之间更加撕裂与,3.0,6.0,0.0,2.121
公共电视很丢脸,3.0,5.75,0.707,0.829
我爸妈今天史上白目到极点,3.0,8.0,0.0,0.707
绑架了中国人民,3.0,4.667,0.707,0.471
15单排冲光辉,5.0,1.0,0.0,0.0
彩工房期间限定,6.0,6.0,0.0,0.816
我很罕见的买了绘本,5.5,6.5,0.5,1.118
淘汰圈仅熟过关,4.5,5.0,0.5,0.0
遭到委内瑞拉国防军逮捕,3.333,5.0,0.471,1.633
更是人类发展历史长河中最绝妙的讽刺,3.75,5.25,0.433,1.479
但依旧可以￣h,5.0,1.0,0.0,0.0
劣诞下的怪胎!它们祸害华夏近百年,2.0,8.0,0.0,0.0
由于特权阶层社会法则就是这样教会中国人的,4.0,5.0,0.0,0.816
为什么我逛街时坚决要自己行动不要他陪,4.75,4.6,0.433,2.577
圣人将一年火侯攒于一个时辰中,6.0,5.0,0.707,0.707
来自白宫新闻发布会,5.333,2.0,0.471,1.414
夜夜回春人激昂,6.333,6.667,0.471,2.055
之后开始走下坡,3.6,4.25,0.49,0.829
眼睛会觉得疲劳,4.0,4.5,0.0,0.5
看来这一切我都是自作多情了,3.5,5.8,0.5,1.6
不知何处来的娴雅端庄的大家闺秀,5.75,6.25,0.433,0.829
别那么多疑敏感,4.0,5.0,0.0,1.673
总是曲解别人的意思,3.0,6.0,0.0,0.707
现在说台湾年轻人薪水太低经济无望,3.5,6.0,0.5,0.0
我每一次上吊都是挂在绳子上吐气呼吸,4.5,5.5,0.5,3.5
让他未来的岁月全部耗费在司法诉讼中,3.0,6.667,0.816,0.471
安守自己纯真至善的本性,6.6,3.8,0.49,1.6
金属制品的狂欢,6.0,5.0,0.816,2.16
只要意识到就可以解除,5.333,4.0,0.471,1.414
挖掘机团队出品,5.0,2.25,0.0,1.299
这件事情的本质是北京蔑视加国的司法主权和人权,2.5,6.5,1.118,1.5
不去看看论持久战,4.5,5.0,0.5,0.0
我看过一些文章介绍日本人很推崇王维的诗,6.5,3.25,0.5,0.829
腐蚀我们的心灵,3.333,4.667,0.471,0.471
邻居忧扰人安宁,3.0,5.75,0.0,0.433
优雅的公司名字可以使到他国放下成见和戒心吗,4.4,6.25,1.2,1.299
与人相处不再是难题,7.0,4.0,0.707,0.816
不在心平气和时,4.0,5.667,0.0,1.247
不能遵行主的要求与人和睦相处,3.6,3.8,0.49,2.315
祂为你的修行消除障碍,6.4,3.8,0.49,1.6
都立刻归荣耀给神和他人,6.4,5.0,0.49,0.0
发达地方早拆了,3.667,4.333,0.471,1.247
刺痛他或者让他飘起来,5.0,5.333,0.816,0.471
而不是八面玲珑的虚伪政客,5.2,6.5,1.833,0.5
是一种崇高的美德,7.25,5.667,1.299,0.943
这也包括你身边那些沉默寡言,4.0,5.0,0.0,0.816
不逼迫他说话2,4.5,4.0,0.5,2.0
推特投诉邮箱为,5.0,4.333,0.0,0.943
性格稳定宽容这些,6.6,4.5,0.49,0.5
川普继续在推特上挑衅,3.25,5.5,0.433,0.866
唯恐天下人人不知,3.667,4.667,0.943,0.471
或像你这样含糊其辞一句带过,3.6,5.25,0.49,0.829
拖延民进党总统初选,4.0,2.8,0.0,1.6
基于华人社会的种种规范,4.0,6.0,0.0,0.0
其间会释出有害物质,3.75,4.2,0.433,1.47
甚至干扰人的荷尔蒙分泌,3.0,6.667,0.0,0.943
尽管当下仍然阻碍重重,5.667,5.667,0.471,1.247
透明水凝胶质地,5.0,2.5,0.0,1.5
除了衍生难民之外,3.0,4.5,0.0,1.803
陕西矿权案有地方政府和地方及最高法院的包庇,3.0,5.25,0.0,0.829
含有多种有益于身体的营养成分,7.0,5.333,0.707,0.471
果然鲨鱼还是要近距离看才会觉得震撼,5.25,6.25,0.829,0.829
都会被追究刑事责任,4.0,3.667,0.0,0.471
法定期限内没有上诉,5.0,4.5,0.0,0.866
现在有些只拘留,4.0,5.0,0.0,0.0
为何审查了四年才一审宣判,3.0,6.25,0.0,0.433
原先的追诉权时效为30年,5.0,3.6,0.0,1.744
就像之前最终回聚来的元气弹也是需要靠灯花转换成其他人的魔力,5.333,5.0,0.471,0.0
还有人学成这样,3.667,4.333,0.943,2.357
讲效率讲结果不讲程式也不讲究做人准则,3.0,5.0,0.707,2.236
0后就发各种小散文宛如已夺冠,6.333,3.667,0.471,1.247
台湾人降有点自甘堕落,3.0,5.75,0.0,0.433
他是从泥淖奋力往上爬,6.333,5.5,0.471,1.118
下一个遭殃的就是你自己,2.75,6.5,0.433,0.5
假日的台铁列车总是挤满了人,4.5,4.2,0.5,2.315
在尚未碰触到肌肤之前就已离我们而去,4.333,4.667,0.943,1.886
尤其善于从字面上,6.0,3.667,0.816,2.055
充满了女性的妩媚,6.0,5.0,0.0,1.414
不过几百年的领先而已,5.0,3.0,0.0,0.0
最使人颓废的往往不是前途的坎坷,3.5,6.0,0.5,0.707
那三分钟全国默哀时流量,5.0,1.0,0.0,0.0
经常仅仅因为盲目和自负,3.0,6.0,0.0,0.816
让我感到一片哀伤,3.4,4.75,0.49,0.433
不断的在心里哭泣,3.0,5.0,0.816,1.633
我的人生遇见了重大挫折,3.0,6.333,0.707,1.247
会让生命变得贵重,6.75,5.0,0.433,0.707
看到这个讯息的时候真的很气愤,2.667,7.5,0.471,1.5
这段时间内我的郁症会稍微缓和些,6.0,4.5,0.0,0.5
为历史特级教师点赞,7.0,3.667,0.0,0.943
制止唔到架但系,4.0,6.0,0.0,0.0
考前自暴自弃给予自己能量,6.0,6.0,0.0,0.0
真实98乖巧伶俐,6.0,4.0,1.0,1.0
在青草地上跳舞又是一番欢欣,7.0,5.667,0.0,0.471
地震来时伴随著低沉的振动和声响,5.0,2.333,0.0,1.886
迸发澎湃的激情,7.25,6.75,1.09,0.829
也不像秋雨那样的缠绵,5.0,2.75,0.894,0.829
它独有它那粗犷,5.667,3.667,0.471,1.247
你们国际社会不要逼的太紧给中共内部的改革派开明派多点空间云云,4.5,6.333,1.118,0.943
睇?福山?事业遇上非常严峻?考验,4.5,5.333,0.5,1.247
幸亏美国之音把你开除了,5.0,4.0,0.0,3.0
自以为是时代里保持清醒并不懈呐喊的那部分群体,3.75,6.0,0.829,0.707
我的大脑降级了,3.667,4.333,0.471,0.471
无意义房间的关卡可能会越来越多,3.5,4.0,0.5,2.0
是不是因为生育率持续低迷,4.0,4.75,0.0,0.433
中国经济增长一直平稳,5.667,4.333,0.471,0.471
下一轮银行风暴的洗礼,4.0,4.0,0.0,0.0
他的话语简直像镇定剂一样,6.5,5.5,0.5,0.5
睡眠质量下降等症状并非疾病,5.667,4.0,0.943,2.16
总之我有点沮丧,3.333,5.333,0.943,1.7
郭教主是低眉顺眼,4.0,4.0,1.414,1.414
土城四姨丈的手艺,5.0,2.8,0.0,1.6
被孕妻赶出再婚,3.0,5.0,0.0,0.816
看似保险公司帮你作假,3.0,4.75,0.0,1.92
本来清国也能从中获利,4.333,3.667,0.471,0.943
但他们自命不凡,3.0,6.0,0.0,0.0
大概就有人包围官邸了,4.667,3.5,0.471,2.062
义眼的军务尚书只是一副学究般的沉著态度指出事实,5.0,4.0,0.0,0.816
但是这一次他们受到各个政党前所未有的热烈追捧,7.0,5.0,0.0,0.707
有些聊天真的是需要耐心,4.0,4.667,0.0,1.247
听到时满脑子的疑惑,4.0,5.0,0.0,0.0
今天被扣到欠费才被告知换套餐了,3.0,6.0,0.707,0.707
也不会到中国人那种充满敌意或蔑视的态度,3.0,3.667,0.0,1.247
更像是一种傲慢的自我表现,3.4,4.5,0.49,0.5
我越发的像是一个无庸的雕刻家,3.75,5.75,0.829,0.829
可以多一个默默守护的牵挂,6.6,4.0,0.49,0.0
野心利己的俄国到了?后退,3.667,6.0,0.471,0.816
不是煽动台湾反华,4.5,4.5,0.5,1.803
颠倒是非黑白的品德郭文贵简直信手拈来,3.5,6.5,0.5,0.5
加征关税只会让全人类落入无销烟的世界大战,3.0,4.6,0.0,1.2
退出共产党网址,5.0,4.333,0.816,0.943
都是压榨亿万底层中国人民的沉重枷锁,2.5,6.5,0.5,0.5
却是让中国百姓极大受惠,7.0,6.333,1.0,0.471
除掌握中共军权警权法权外,5.0,4.667,0.0,1.886
但有哪一个企业主可以不顾公司股东权益的,3.75,6.0,0.829,0.707
养活了多少中国工厂,5.75,3.8,0.433,1.6
我国企业发展活力充沛,8.0,7.5,1.0,1.5
一旦废除收费站,4.4,6.25,0.49,0.829
结果在经济趋缓时来不及煞车,3.5,5.0,0.5,1.0
变得跟狗一样顺从,3.667,3.667,0.943,3.091
盼扺消可能的赤字,5.667,6.0,0.471,0.816
美国大型车厂通用汽车,5.0,1.8,0.0,0.98
然后又是一波倒闭潮了,2.0,6.5,1.0,1.5
再坚信的心也会被摧毁,3.0,4.333,0.0,0.471
尽吹毛求疵之能,4.0,5.0,0.0,0.0
并不是尽如人意的,3.5,3.5,0.5,1.5
李白最后背离官场,4.0,3.5,0.0,1.5
于是热衷于奔波,6.75,3.6,0.433,1.855
埋怨老天的不公,3.0,6.75,0.0,0.829
即使没有人为你鼓掌,5.5,3.5,0.5,0.866
李亚蒨腿断变瘸腿,3.0,4.5,0.0,0.5
圣经那么多则斥责人的话,3.5,6.0,0.5,0.707
圣母婊就是装成圣母的淫妇,2.75,4.25,0.433,1.479
在办公室里作为解压工具被小便浇在精致妆容的脸上,3.0,7.5,1.0,0.5
老害议员选?睡眠妨害,4.0,4.5,0.0,1.118
但是在公领域人与人难免得互相体谅一下,4.0,4.0,1.0,1.0
终院驳回刘梦熊上诉,6.0,5.0,1.0,2.0
蓄起长胡子令外表专业整洁的,6.0,4.333,0.0,0.471
中描述了这些祖先一千年没跳过舞的女人是如何为共党迫使教唆而起步的,3.667,5.333,1.247,1.7
古人礼乐歌舞完备,6.333,3.667,0.471,1.886
滋养我们的灵魂,6.333,5.0,0.943,0.0
而且因为这种事业不是一帆风顺的,4.0,3.8,0.0,1.939
冠冕堂皇的理由经不住推油的按摩,3.75,3.2,0.829,1.6
能跟他匹敌的国内电影也就三大战役了吧,5.75,6.25,0.433,1.479
立法院三人的台联党瘫痪了国民党六十多席次,3.4,5.0,0.49,0.0
郭董有什么巨集大计划也徒然,4.0,3.8,0.0,2.04
但是深切又平淡的,6.5,4.0,0.5,1.414
我并非不赞同普世价值观,4.0,4.5,0.0,0.5
碎片化修补也不行,3.5,6.0,0.5,1.0
必须是全面的系统的改革和改进,6.667,4.333,0.471,2.055
不需要害怕弄痛我,6.667,5.0,0.471,0.816
印表机被我弄坏了,3.0,5.667,0.0,0.471
损坏是一件显而易见的?,5.0,4.0,0.0,0.0
但封赏那无赖和要齐王的封号几件事确有几分调皮,4.333,5.667,0.471,0.471
这千钧的重担压在你们领导身上,4.667,5.333,0.471,0.471
心里真是非常忐忑,3.2,5.8,0.4,1.6
被先生一直催促去看牙,4.5,6.333,0.5,0.471
老袁这期节目里的那位在美国的狗屎中产阶级怎么那么缺德阿,2.667,6.0,0.471,2.16
果然上学太摧残精力了,3.667,5.333,0.943,0.471
每天都在极度困倦中度过,3.333,4.333,0.471,0.943
利用乌克兰东部恐吓乌克兰,3.333,5.667,0.471,0.943
取得了显著的生态,6.75,3.0,0.433,1.0
却去信什么神童的刑法37条,3.667,4.667,0.943,2.625
传统文化已经灭绝了,3.0,5.75,0.0,0.433
最奇特的就是都是简体字呢,6.0,6.0,0.0,0.0
诽谤任何政治人物,3.5,5.333,0.5,0.471
国家乃至社会个人才会有光明的前途和未来,6.5,5.0,0.5,0.707
保留可以转圜的余地,6.0,4.75,0.0,0.433
中国传统文化及乎无一可取,2.0,6.333,0.816,0.943
坐过牢的人都很固执的,4.667,5.0,0.943,0.816
只要不是蓄意的反动的言论,4.6,3.0,0.49,1.0
恰巧老巫婆看过这篇小说,5.0,2.5,0.0,1.5
是我的占有欲在作祟,3.4,6.0,0.49,0.0
以及激进左翼政治人物桑德斯表示,5.0,2.8,0.0,1.6
我看他们这辈子难分离,5.5,4.0,1.118,0.816
每每总觉得惋惜不止,3.0,6.0,0.0,0.0
这就是一个非凡的赛季,6.5,6.0,0.5,1.0
习近平心智不全,3.5,5.667,0.5,0.943
走私动物屡禁不止,3.25,5.0,0.433,1.414
松绑不合时宜法规,6.0,5.0,0.0,0.0
再准确的预警都于事无补,3.0,3.25,0.0,0.433
过人和组织进攻很流畅,6.333,4.333,0.471,0.471
电视台我只认攻势,5.4,6.0,0.49,0.707
有可能会为以色列自己的亡国自掘坟墓,3.0,6.0,0.0,0.707
向往大城市的繁华,6.0,5.667,0.816,2.625
还结合日本印度与菲律宾军舰闯入中国南海,4.0,3.8,0.0,2.4
共匪有何报复美国的能力,4.25,4.5,0.829,1.118
因应苹果要求供应链全数以洁净能源生产,6.0,5.0,0.816,1.633
而且貌似新院头一回以负心人的形象出现,4.0,2.0,0.707,0.816
实施30分的警报发放,5.0,2.333,0.0,1.886
赖清德马上允诺,5.6,5.2,0.49,1.6
却造就2001年科网股爆破之失,2.0,6.5,0.0,0.5
得其善言不狂喜,6.6,3.8,0.49,1.47
灵魂的崇高情感,6.667,3.667,0.471,1.7
的身份有很高的期许,6.333,5.333,0.943,2.494
在支那人观念中只有压倒别人,3.0,6.333,0.707,1.247
我的祈祷仍纯洁,6.333,3.333,0.471,1.7
文贵呢这几天活动非常频繁,5.0,3.4,0.0,1.625
奉天命不敢为傲3,4.667,4.0,0.471,2.16
它在咖啡馆里喋喋不休,4.0,6.0,0.0,0.894
远方留下的只有一种狂躁,3.333,3.667,0.471,3.091
奋斗进取与悲观的人无缘,5.0,5.0,0.707,0.707
我说你知道大淆我升级多少理性才只是无能狂怒不来物理的,4.667,5.667,0.471,0.943
旨酒虽酷烈芬芳,5.333,3.0,0.471,1.633
雷欧弟弟能说话但就无法看见孩子们那里我哭得肝肠寸断,2.6,7.5,0.49,0.866
剧情突然变味了,4.0,5.0,0.0,1.414
大饥荒的发生是分分钟钟的事情,3.0,5.25,0.0,1.09
气质漂亮的良家少妇苏小小偷偷兼职做楼凤,3.0,4.0,0.0,0.816
辛酸并娱乐地去感恩,6.0,6.0,0.0,0.0
我们忆起了那些我们忘却的艰辛,5.667,4.0,0.471,2.121
贿赂120万美元入名校,3.0,1.667,0.0,0.471
烈酒还是无酒精饮料,5.0,2.333,0.0,0.943
可以使劲的舔阿言的颜,7.0,6.333,0.0,1.7
是纪念青春的依恋,6.5,4.4,0.5,1.855
这样的典范永留我心,7.0,6.333,0.0,0.471
还要占领别人的国家,3.0,6.0,0.0,0.0
铲除邪教伊斯兰,2.5,6.75,0.5,1.299
赞扬台湾是民主典范,7.0,6.0,0.0,0.0
马上就找我们开枪,4.0,6.5,0.0,0.5
一只小虫不偏不倚掉在眼球上,3.5,4.75,0.5,1.299
将护肤重心放在舒缓镇静上面,6.0,1.667,0.707,0.471
脑子像触电一般停顿了半分钟,5.0,3.0,0.0,0.0
麻木就是没知觉,4.667,4.667,0.471,0.471
但是我被自己囚禁了,3.0,4.0,0.0,2.0
放在一起更是引人注目,5.333,6.0,0.471,1.414
女病人医院发狂抢剪刀,3.0,5.333,0.0,0.471
就是让世界科技停滞不前,3.0,5.5,0.0,1.5
其狼子野心可见一斑,3.333,6.333,0.471,0.943
也照样免不了痛苦的侵袭,3.0,6.0,0.0,0.0
后被警方告知已经关押,3.6,5.5,0.49,0.5
警方追截可疑私家车连开三枪,4.667,6.667,0.471,1.7
别觉得孩子受罪了,4.4,5.5,0.49,1.5
需要向政府有关部门批准,5.0,3.5,0.0,1.118
祝郭文贵安然入睡,6.5,5.0,0.5,1.0
可惜他的这张嘴,3.6,4.75,0.49,0.829
台男从此不知去向,4.0,5.5,0.707,1.658
坏运气快结束吧!,5.0,6.25,0.707,0.433
听说有老婆故意把老公伺候得超周到,4.5,7.0,0.5,1.0
那时其实用不到这样冲撞大门,4.0,5.0,0.0,0.707
即便明月亦无明亮,4.0,3.0,0.0,1.414
从中可以照见恶和善,5.4,2.8,0.49,1.6
身为老师的严肃,5.667,5.333,0.471,0.471
非常出乎意料的国家,5.0,5.8,0.0,2.315
晚上也要黏著达米安睡觉,5.333,3.333,1.247,1.247
机智的我跑到他们两人面前,6.0,4.0,0.0,1.414
那为什么现在我们国家步步走向繁荣,6.333,6.0,0.471,1.414
财神也经常惠顾,7.0,5.5,0.0,0.5
特赦不同党的叫宽大,6.25,5.0,0.433,0.707
一句坏话也不可出口,4.8,5.5,0.98,1.118
大家都是顾虑这些还有觉得还能在他身上多少学到一些观点所以才不放胆呛他吧,3.667,5.333,0.471,1.247
我不肯缴纳罚金,3.0,5.667,0.816,0.471
可浑身上下就是尼玛赵本山式的土鳖暴发户气质,4.0,6.5,0.0,1.5
食物都遭受莫大的污染,3.0,6.5,0.0,0.5
特太阳是如何升起的,5.0,3.333,0.0,1.7
黑橘的工作人员埋伏在各个伺服器内,4.75,5.0,0.433,1.225
是不是也够惬意,6.0,4.25,0.894,0.829
就是你口中丧心病狂的民进党在80年代做的事吗,4.0,6.0,0.816,0.816
所以感觉时间过得格外的快,4.75,5.5,0.433,0.5
我们的国家安定团结,7.6,5.75,0.49,0.433
魔幻写实的人生,6.0,4.0,1.0,2.0
白金汉宫与女王最近的距离,5.0,4.0,0.0,1.789
就是必须皇上位置稳固,5.0,5.5,0.0,1.658
深圳特区的奠基人,6.0,2.5,1.0,1.5
他在贸易战中表现漏洞百出,3.0,3.6,0.0,1.855
而人生也会被绊所牵制,4.0,5.0,0.707,0.0
当年的镇压者和被镇压者有些至今活跃,6.0,3.5,1.0,1.5
还规避社会的监督,3.5,5.0,0.5,0.0
中国社会变得经济上愈发具有剥削性和权贵化,3.5,5.0,0.5,0.0
走失在彰化埤头,3.5,4.5,0.5,0.5
燕太不像活泼的姐姐那样,4.0,3.2,0.0,1.833
例如我日文没有那么流利我会不会什么都不行,4.0,3.6,0.707,1.855
就会安于?体制,5.0,4.333,0.707,0.471
但如果你主张拆掉屋顶他们就来调和,4.5,2.333,0.5,1.247
而且一直很阴沉,3.0,6.0,0.0,0.816
小土坡里埋葬著男子姐姐幼小的尸骸,3.0,4.0,0.0,0.707
这个人扮猪吃老虎情结很重,3.333,6.667,0.471,0.471
您的大脑由于硬体问题无法相容国际版韧体,4.0,4.0,0.816,0.816
除了哄骗部分无知之人为其捐款之外,3.25,5.75,0.433,0.829
一只年轻的猎豹以闪电般的速度追赶一只野,5.0,5.5,0.0,2.5
阵痛和子宫整天互相排斥,3.0,7.0,0.707,0.0
麦田和河流整天互相侵占,4.6,4.5,0.49,0.866
结果只有沦为倾销地一种可能,3.0,5.667,0.707,0.471
直到最后我也还是胆小鬼嘛,3.6,6.6,0.49,0.49
也佩服欧崇敬的预测神准,7.0,5.2,0.0,1.6
不需要解释安抚,5.0,2.25,0.0,0.829
削减制造业产能,4.0,4.667,0.816,2.055
感觉华人孩子在公共场合比较守规矩,6.6,4.75,0.49,0.433
出游的时间拿来健身以填补我这无法忌口的口腹之欲和内心空虚以免跟腹肌说再见,6.667,5.0,0.471,1.414
继续整理手头琐事,5.0,2.333,0.0,1.886
整天都会满脸红光,6.5,4.5,0.5,0.5
两天的假日根本不够弥补身心灵的创伤,3.5,4.75,0.5,0.829
至少是烦躁而不是易怒状态,6.0,4.5,0.0,0.5
几度挣扎亦是枉然,3.0,6.0,0.0,0.707
曾盼其能悔悟反省,5.333,4.333,0.471,0.943
漫不经心地点燃,4.5,4.5,0.5,0.5
然后沈浸在某案又得奖的虚荣感里继续过著同样的生活,3.5,5.0,0.5,0.0
鸟啼而欣然有会,7.0,7.0,0.0,0.0
路上很乖不哭闹,6.8,3.2,0.98,1.47
也没有这种魄力,4.0,4.5,0.0,0.5
为什么把折叠伞收整齐那么难,4.5,3.5,0.5,2.5
神经质的行为也会由此而生,3.5,5.0,0.5,0.0
是你独一无二的证明,7.5,5.5,0.5,0.5
不同于传统的手术切除和抗癌药物或放射疗法,5.0,3.25,0.0,1.785
也只能局促益州力竭五丈原,4.667,4.333,0.471,2.494
何止很少充分活,3.5,5.333,0.5,0.471
我就是吃了炸药,3.0,6.75,0.0,1.09
一个长期直播的人活那么寒酸,3.0,6.0,0.0,0.707
不过叫你心里留神,5.0,6.0,0.0,1.0
我是不评价高傲国家的,4.0,4.0,0.0,0.816
我最不稀罕人家的钱,4.5,5.75,0.5,0.433
肿瘤细胞转移到淋巴结,3.0,3.6,0.707,1.744
精疲力竭的绝境,3.0,5.667,1.633,3.399
滥用沉默在咆哮,3.0,4.667,0.0,0.471
就不和你说什么啦,4.333,5.333,0.471,0.471
还遭到无数人的疑心,3.0,4.6,0.0,1.356
而要遵从圣灵的引导,6.667,5.0,0.471,2.16
也是第一次我觉得去韩国工作没有狱祢O人厌倦,7.0,5.0,0.0,0.0
没有宝二苏特很可惜但我该知足,6.0,6.0,0.0,0.0
只要每天都会彼此挂念,5.333,6.0,0.471,0.0
目的是用来麻痺中国人,3.0,5.75,0.707,0.433
我给新手的建议是,5.5,3.5,0.5,0.5
但独吞我们地方农产外销的功劳这个我就不能忍受了,3.0,7.5,0.0,0.5
这样俄版混合战在国土掠夺上的应用就弄完了,5.5,2.0,0.5,0.816
国家就是个空洞的概念,4.0,3.0,0.0,1.581
那个人真是古怪,4.0,5.25,0.0,1.299
谣传南坑改革派与包恶斗,3.667,4.333,0.471,1.247
光明磊落者不惧毁谤,6.333,6.667,0.471,0.943
恶行招致异熟果,3.5,3.4,0.5,1.744
袁氏以纸之假言告师长处,4.75,4.6,0.433,1.2
大意我身居海外,5.0,6.333,0.0,0.471
依靠嘴巴来收集恶运,3.333,5.0,0.471,0.816
人不犯我我不犯人,5.0,5.0,0.0,0.0
西亚某国也是不断被骚扰,3.6,5.0,0.49,0.0
非常具有侵扰性的颜色,4.333,4.667,0.471,0.471
应该适时的放下了,5.0,4.5,0.0,0.5
俊美的像个妖孽,6.667,6.0,0.471,0.0
博古王若飞叶挺罹难,2.6,3.25,0.49,1.479
即使是深绿都很难挑剔他,6.0,5.333,0.0,0.471
辩证法的始祖是伊甸园那只蛇,4.5,2.5,0.5,1.5
他被逐出议事厅后,3.0,5.75,0.707,1.299
天天信奉你那个骗神,3.333,7.0,0.471,0.816
我倒觉得这两个宗教其实有许多互惠融通的东西,6.4,4.5,0.49,0.866
愿你速速显明你的公义和你的信实,7.0,5.333,0.816,0.471
你说全球粮食过剩,4.5,4.0,0.5,2.0
就形同叛乱或内乱,3.0,7.0,0.0,0.816
是在日本投降前两三天!,4.0,7.0,0.707,0.0
地理隔绝的环境加上日本国内大多数权势者和民众都是保皇派,5.0,4.0,0.0,1.414
终止后的第九天清晨,5.0,3.667,0.0,2.055
又令卡特连任失利,3.6,3.25,0.49,1.299
圣水都是自己哀求才有,4.0,5.5,0.0,0.5
平常无害温和像个女仆,6.333,3.0,0.471,1.414
人生最大的哀痛,1.6,7.4,0.49,1.356
卓越非凡之事不可胜数,7.75,5.75,0.433,0.829
逝世日是我的生日,3.667,3.333,0.471,0.471
第四集太逆境了,3.667,6.0,0.943,1.581
疲倦时靠一靠,5.6,2.75,0.49,0.829
还没逛完一圈腰跟膝盖已经在哀号了,4.0,5.667,0.0,1.247
品行方面半斤八两,4.0,5.0,0.0,0.707
是如何把你培养得如此从容,6.5,4.6,0.5,1.2
恍惚觉得在哪听过,5.0,4.667,0.0,1.247
突如其来的风和日丽,6.75,6.0,0.433,1.871
两个人之间走到尽头原来不是咬牙切齿的恨意,4.667,4.667,1.247,2.055
是血腥共畜的走狗与鹰犬,2.5,6.0,0.5,0.707
泛起袅袅的烟雾,5.0,3.0,0.0,0.0
一切的悲欢离合,5.0,3.333,0.0,0.471
但却是以温文谦和的形象深入民心,6.667,4.333,0.471,1.7
但这8位有4位落选,4.0,4.0,0.0,0.816
台湾要还陈前总统一个清白,6.0,7.0,0.816,0.707
天啊突然感到拮据,3.0,6.667,0.0,0.471
其实是个热心肠的同学的,7.0,4.667,0.707,0.471
他就是懦夫又如何,3.333,7.0,0.471,0.816
围殴至牙齿移位,3.0,4.5,0.0,0.5
手段却极为粗暴,2.6,6.25,0.49,0.829
碰撞的力道开始加速,5.0,5.5,0.0,0.5
在酒精弥漫的微醺下沉醉一番,6.75,4.25,0.433,0.433
一些人借助网路表发一些不实言论,3.5,5.0,0.5,0.0
制造过最触目惊心的饥荒,2.5,5.333,1.118,0.471
清除一大批害群之马,6.5,4.5,0.5,0.5
老实说有很泄气也有很温暖的部分,5.333,5.667,0.471,0.471
即使说了那么多丧气的话,3.75,5.75,0.829,0.433
那么美方就会大受鼓舞,6.0,5.75,0.0,1.92
美国和中国应该齐心协力,5.667,4.333,0.471,1.247
让减税降费红利切实惠及企业,6.667,4.0,0.471,2.16
哥哥们的立场真的为难,3.5,5.0,0.5,1.0
广华医院发生弃婴疑云,3.5,4.5,0.5,0.5
女方还是觉得不气派,3.5,5.0,0.5,0.707
这也包含坦白承认,5.5,5.333,1.118,0.943
遐方不许贡珍奇,4.8,5.6,0.98,1.2
撒著散漫沉醉的光芒,5.0,4.333,0.816,0.471
约束前奏一出来我感觉我的眼眶马上就湿润了,6.333,8.0,0.943,0.816
贵妇极致无瑕美肌,6.75,5.0,0.829,0.707
也像法国一样罢工的时候,3.5,3.8,0.5,2.315
王传彰先生近几年潜心调煮咖啡颇有心得,6.75,5.0,0.433,0.707
闪烁散播出瘟疫,2.75,3.8,0.433,2.135
双方的贸易协作不光影响两国本身,5.0,1.5,0.0,0.5
都苛求彼此不得,4.5,4.5,0.5,0.5
只有不息的奋进,6.25,4.0,0.433,1.225
这样是否合乎情理呢,4.5,5.667,0.5,0.471
文贵没吹出几十亿几百亿已经旧嘴上留情了,5.25,4.75,0.829,1.09
更不会找寻上师的过失,4.0,5.0,0.0,1.414
装作若无其事可以吗,3.75,6.5,0.829,0.5
只系变得更加老练,6.0,4.333,0.707,0.471
啊啊!!你总是英俊乖乖,7.5,7.0,0.5,0.0
成了肥沃的土壤,6.333,5.0,0.471,0.0
我会毫不犹疑的下嫁于他,5.5,6.2,0.5,2.135
我急于脱离金宝罐头汤的日子,4.5,3.75,0.5,2.385
奸淫女性样样来,3.0,6.0,0.0,0.0
也是应了我一贯的让暴风雨来得更猛烈一些所愿,4.5,5.0,0.5,2.828
罪恶活动的无底线势利眼小人们在暗地里又开始了更加激烈的像恶狗疯狗一样的吠叫,2.0,7.667,0.816,1.247
一次难忘的旅行,8.0,7.0,1.0,1.0
为何满纸荒唐话,3.667,6.333,0.471,0.943
英国可口可乐6月推出首创4款酒味可乐,5.5,2.5,0.5,0.5
倒霉是一种传染病,3.0,3.5,0.0,2.062
家家来学广东话全场感人大合唱,6.5,5.0,0.5,0.707
中共扣押你们还要管你们吃喝,3.5,5.75,0.5,0.433
你哭喊多少年它们都装作没看见,3.0,4.25,0.0,2.385
永隆前高层妻哭诉,3.0,5.333,0.0,2.494
中国网红文化兴盛,6.0,3.5,0.0,1.5
评审都是女人和同性恋女权自助餐,3.0,6.0,0.0,0.0
我只知道她没有哽咽,4.667,3.75,0.471,2.278
昨天半夜唐突睡著所以没有发,4.0,3.5,0.0,1.5
占上上风的一方以自己的形式奚落著下风的几人,3.0,5.5,0.0,0.5
为什么老是得理不饶人,3.0,6.667,0.0,0.471
将这两样深植于中国让中国容光焕发,7.0,5.0,0.0,0.707
然后觉得越到后面越难看的感觉,3.0,5.667,0.0,0.471
一直不停的在迷惘,3.0,5.8,0.0,0.4
我要让自己看起来灿烂无比,7.0,6.0,0.0,0.894
?东限定异常低温,4.5,4.75,0.5,0.829
为什么这一切的一切都徒劳无功,2.0,7.5,0.0,0.5
反同阵团坚毅不屈,5.0,3.75,0.894,1.299
刺探和窃听政府官员,3.75,3.75,0.829,0.829
因为或许有人敬畏过我,5.75,6.25,0.433,0.829
我很确信这个人要真的当上了总统,7.0,6.5,0.0,1.5
他的4个儿女身体健全,7.0,3.0,1.0,1.581
你断裂了那捆绑我的锁链,7.0,6.0,0.0,0.0
祂复活是祂胜过世界的一切抵挡,6.75,5.0,0.433,0.707
直到我们完全圣洁,5.333,4.667,0.471,0.471
因为我与蒙的恩不相称,5.0,6.5,1.0,0.5
还有其自以为是的宗教信仰缺失,3.0,6.25,0.0,0.433
否则你所谓的谦卑自我反省就自洽了,4.0,4.667,0.816,0.471
在拥挤的样板中,4.5,5.0,0.5,0.0
而导致自己精神失常环保筷子,3.0,5.0,0.0,0.0
有些人却因为麻木不仁,4.0,3.4,0.0,1.625
何必因为欠债而做出这种如今要悔恨终生的事,3.0,5.667,0.0,0.471
我来不及等你认错悔过了,3.5,6.0,0.5,1.414
驱散贸易战的阴云,6.0,4.5,0.0,0.5
家人一分钱也得不到,3.0,3.667,0.0,0.943
本次集资将用于不运回,5.0,4.0,0.0,0.0
超音波是一种非侵入性,5.0,4.0,0.0,1.095
当欧洲两极分化已经到达空前绝后的程度,3.25,5.5,0.433,0.5
由针枪补足一些,6.0,3.0,0.0,1.414
所以比起来气急败坏的议员才像坏人,4.0,6.25,0.0,1.299
网页的话就是不要第一秒进去没抢到就气馁吧,4.333,4.667,0.471,0.471
喂亲都要搏斗半个钟,4.0,5.333,0.707,0.471
虽然乃乃性格消极内向,4.333,3.667,1.247,2.055
稍微揭开了我几个礼拜来被雨雾掩埋的窗帘,5.5,3.0,1.118,1.414
不能把过错教阿扁一,4.333,5.0,0.471,0.816
狭小的家庭办公区,4.0,4.25,0.0,0.433
客体的束缚将不复存在,6.667,4.667,0.471,2.625
也成为她疲乏时候的喜乐,6.4,5.0,0.49,0.0
难道中国人的脚非得踩在阴森森的白骨上,3.0,7.25,0.0,0.829
你那无家可归饱经风波的人们,3.0,6.0,0.0,0.0
没有因睡眠后减轻沈重感,3.5,3.6,0.5,1.2
斗志还没有消失,6.5,6.5,0.5,1.5
越来越难冲出来了,4.0,5.667,0.816,0.943
就会变得乏味枯燥单调,3.5,4.667,0.5,0.471
让锻炼变得越来越,5.0,4.667,0.0,0.471
喉咙的根部被不存在的硬块堵塞,4.5,4.667,0.5,0.471
专属于你的王妃,7.0,5.0,0.0,2.121
詹碧云夺得东方舞,6.667,3.667,1.247,2.055
所以几千年都没摆脱愚昧和被奴役,3.0,6.0,0.0,1.225
问了刘牧师说不要紧的,5.6,4.75,0.49,0.433
可是偶尔也会有两个彼此热恋而同时又彼此被热恋的情况,5.5,5.0,0.5,1.0
土地是以它的肥沃和收获而被估价的,5.333,4.0,0.471,1.633
最终动摇华国锋执政的理论基础,4.4,5.4,0.49,1.2
大雨洗净后的重生,6.6,4.0,0.49,1.414
一直以来那唯一的的支柱瞬间倒塌了,3.0,6.25,0.0,1.479
有时还会与邻居帮赖辩解,3.0,5.0,0.0,0.0
她摇摇头坦率的说,5.333,3.333,0.471,1.247
民众要在水深火热中仰望著威风凛凛的总总统座车一行五六十辆通过,3.6,6.5,0.49,0.5
第一次看著妳会心疼,3.333,6.0,0.471,2.16
中国人民感激美国政府替天行道,7.0,5.667,0.707,0.471
就是那种每天疑神疑鬼的人,3.333,4.333,0.471,1.7
进度闪4潜入旧都,4.5,5.0,0.5,1.0
的我来给大家揭露一个,5.0,3.5,0.0,2.062
有恒产者有恒心,6.667,3.667,0.471,1.247
招待这位美国的伯理玺天德,5.667,3.333,0.471,1.247
泄露太多的内情,3.667,5.333,0.471,0.471
把丝绸棉布等中国产品辗转带到全世界,5.5,4.667,0.5,0.471
现在还拿来当事迹宣传,4.0,5.25,0.0,1.299
秦的军团也会僵化,4.0,5.333,0.0,0.471
举国的审美与风尚也会发生变化,5.25,4.75,0.433,1.09
有称男童被猥亵致肛?,2.5,6.667,0.5,0.943
有的甚至被当场性侵至休克,2.667,6.667,0.471,0.943
短视近利漠视未来,2.5,5.4,0.5,1.744
以克服目前的短视政治,6.25,4.75,0.829,0.829
张先生的牲人论有点偏颇,4.0,4.0,0.0,1.673
换取平淡的安稳,6.5,3.4,0.5,1.625
告诫那余下的将来,4.0,5.5,0.0,2.062
以市场胁迫换取技术,3.0,4.667,0.0,0.471
宁可花费巨资建造昂贵机舰,4.0,5.75,0.0,0.433
吹牛造势难自立,3.0,3.0,0.0,0.816
能在如此诱人的金元外交前碍难从命,4.4,3.75,1.744,1.09
果然是精明的商人,6.667,5.0,0.471,1.633
吃到最后一脸茫然,4.0,4.25,0.0,0.829
毕竟我家庭美满,7.333,5.667,0.471,0.471
他本人很开朗也很贴心,7.0,4.5,1.0,0.5
我觉得依然会有类似东南互保的宣告发出,5.0,5.25,0.0,0.829
如常饮能使老人面部红润,6.75,3.0,0.433,2.098
那些可以出卖的灵魂是骚动的,4.0,5.0,0.816,1.414
而通缩预期将缩减和延迟投资,4.25,4.333,1.299,0.471
我发现市面上也是一种荣誉,6.75,5.0,0.433,0.894
却支援卡扎菲这样的嗜血暴君感到诧异,3.25,7.25,0.829,1.479
要我写也会束手无策,3.667,3.333,0.471,2.055
更是无悔无怨的回馈报恩,8.25,5.0,0.433,1.414
待灵魂于冥河消散,4.667,2.667,0.471,1.7
将成为淡而无味的东西,4.0,2.333,0.0,0.471
这样的评论其实既尖锐又武断,3.0,6.333,0.816,1.247
值超高典雅奢华欧式风格火锅,6.0,5.5,0.0,0.5
柴烧侧把高雅壶,5.5,4.0,0.5,0.0
精通各种出道和翻墙的技术,6.5,4.2,0.5,1.47
其实都是废弃物而已,4.0,4.0,0.816,2.16
画的最偏心的四人,4.0,4.5,0.0,0.5
依我说断绝与中国,4.0,6.0,0.0,0.0
或本来就是歹徒的人,3.5,5.5,0.5,1.118
收受和行贿25人,3.333,4.667,0.471,0.471
侵吞和挪用公款,3.0,4.0,0.0,1.633
国民党彻底沦落为政治娼妓了,2.5,5.25,0.5,0.829
重复著一样的离奇曲折,4.667,3.667,0.471,2.055
曼妙匀称的身材,6.5,5.0,0.5,0.707
山色江声共寂寥,4.5,3.5,0.5,2.5
让小鸟捎去我我最深情的问候,6.5,5.5,0.5,0.866
日本国民誓以国家的名誉,6.5,5.0,0.5,1.0
如果作者懂得在故事中排首位的,5.0,5.25,0.707,0.433
可以令人窒息的紧张感,4.0,4.667,0.707,0.471
映照出我们压抑的负面特质,4.0,4.333,0.707,0.471
美国人民这么振奋,6.0,5.5,0.0,1.118
至此双方依然陷于僵局,4.0,3.75,0.894,0.829
产业分工布局本来就是常态,5.0,2.667,0.0,1.247
人越是得意的事情,5.25,4.2,0.829,2.135
尽管时间很充裕,4.5,4.5,0.5,0.5
你表现得太急切人家,4.0,6.4,0.0,0.49
我要去跑个步发泄一下,4.75,4.2,0.433,2.227
爬上顶楼的城堡可以一览无疑整个城市的风景,7.0,5.5,0.0,0.5
和煦的阳光透过落地窗洒落,7.0,4.0,0.0,0.0
咖啡香气弥漫整个空间,7.0,3.0,0.0,0.0
可能害了西藏患病儿童,3.0,5.0,0.0,0.707
久而久之演化为一种禁忌,5.0,4.0,0.0,1.414
原来清洁假新闻也只是口号,3.0,5.25,0.0,1.299
没有人能感同身受,3.0,6.0,0.707,0.816
整场比赛看下来有够过瘾,7.0,7.0,0.0,1.0
才会这么的生疏无措,4.0,4.5,0.0,0.5
再鲜艳明媚的颜色也会随时间褪去光泽,3.5,2.75,0.5,1.09
一上山开始下雨令金瓜石行程有点扫兴,3.667,4.333,0.471,1.247
无家可归并不单指需要一个栖身之所,4.75,4.2,0.433,2.315
多少个徬徨的夜晚,3.6,5.25,0.49,1.479
就要容许不同的声音和争辩,7.0,4.25,0.0,2.385
我是最瘦最敏捷的,7.0,4.6,0.0,2.728
才华洋溢会说八国语言,7.0,3.667,0.816,0.943
观察力也非常出众,7.667,6.333,0.471,0.471
可是爹他伤心欲绝,2.667,7.0,0.471,0.707
民主党主席胡志伟在会议室内泪流满面,2.0,4.5,1.0,2.5
随即豆大的泪珠从我脸上滑落,3.5,5.0,0.5,2.0
却狂风骤雨急奔呼啸,3.75,6.0,0.433,1.414
极乐净土之类的,7.5,4.0,0.5,2.0
此则名曰香光庄严,5.5,1.667,0.5,0.943
需要是七岁孩童般的纯净,6.333,4.333,0.943,1.7
虽然感情线很混乱可能大家看著觉得风中凌乱,4.0,2.667,0.0,0.943
持续三小时的冲撞,4.667,4.0,0.471,2.16
连看偏都算不智之举,3.5,5.0,0.5,0.0
而高处有人唱起歌来,5.8,5.75,0.98,0.829
后又有律师反诉其拖欠工资,3.4,4.0,0.49,1.0
前瑞典驻华大使被指控擅自与中国中间人谈判桂民海案,3.333,4.0,0.471,2.449
感觉就是窝著火的样子,4.0,5.333,0.0,1.247
猜疑和地缘政治竞争的加剧,3.333,3.667,0.471,0.943
我只是出乎你们意料的中二病青年,3.333,6.667,0.471,1.247
郭文贵做的每一件事都透漏著其整个人的腐烂阴险,1.25,6.4,0.433,1.855
而且之前很多人有吃到开放大陆人来台观光的甜头,6.0,5.0,0.816,2.16
医生夫妇从她生产前后就存在疏忽,3.0,5.25,0.0,0.829
有居民申诉整个周末信箱都开著,4.0,5.75,0.0,0.433
马来西亚国民阵线前政府的土地交换计划出现严重疏漏,3.0,4.25,0.894,1.299
导致政府蒙受14亿8000万令吉,3.0,5.0,0.0,0.0
合宜的解释和赔偿,6.0,3.667,0.0,0.471
导致事故有五导因,4.0,2.25,0.0,1.299
台北市万华区西门町常常出现五星旗游街,4.667,5.667,0.471,0.471
她觉得我们出去会没话聊的婉拒了,4.667,4.667,0.943,0.471
头微微倾向会倒住掌心那一侧,5.0,4.0,0.0,0.816
这王明完全是粗野莽夫一个,3.0,5.4,0.0,1.744
从而不敢上前动手,4.0,4.5,0.0,1.118
可是都不帮我加薪,3.6,5.75,0.49,0.829
三谷三木表现出所有的羞怯裸体主义,5.5,4.333,0.5,0.471
台湾实在太不设防,3.4,6.0,0.49,1.225
高雄市市民为中国大陆次等公民,2.667,5.0,0.943,1.633
消防车有瑕疵没办法供应水灭火,3.4,3.0,0.49,0.707
六七月份或蔓延至华北啃玉米,4.333,5.0,0.471,0.0
被监院弹劾两次,3.6,5.25,0.49,0.433
否则会造成市府团队为弥补施政过失而疲于奔命,3.4,4.25,0.49,0.829
开示非常简明扼要,6.0,4.667,0.0,0.471
现在厄运就要降临到这个世界来,2.6,5.0,0.49,2.0
因为是他们在纵容邪教,3.333,4.333,0.471,1.247
以及牠的逗趣身影,6.6,4.8,0.49,1.47
成年后钟情文学,5.333,2.333,0.471,1.247
结果多年后弟弟变成菁英凯旋归国跟硕珍抢继承权,3.5,4.5,0.5,1.118
粉丝秀20年珍藏求签名,6.0,2.667,0.816,1.247
尊贵的詹杜固仁波切,6.0,5.667,0.0,0.471
而不只是做一个记录施暴过程的相机,4.0,6.5,0.707,0.5
我系细菌传心师,5.0,5.0,0.0,0.816
因为我是一个喜新厌旧的人,4.667,4.75,0.471,2.586
这条疯狗丧尽人味儿,2.667,4.667,0.471,0.471
股市场闻风已丧胆了,2.333,4.333,0.471,0.943
全部用奇异笔圈出来,5.0,3.0,0.0,2.0
刊登捏造的讯息,3.4,5.0,0.49,0.0
彼此之间合作融洽,6.5,5.0,0.5,0.0
有优惠才敢叫尊荣,5.667,6.333,0.471,0.943
他回应已一切就绪,6.5,4.5,0.5,0.5
不论悲喜都得前行,6.0,4.5,1.0,2.5
雪覆满白山又渐变成郁郁葱葱,5.25,4.5,0.433,0.5
让生活多了温暖和明媚,7.0,5.667,0.0,0.471
英为能相见而毁掉翅膀掉入人间,2.333,5.667,0.943,1.886
当头晕目眩的时候,4.0,3.0,0.0,2.0
住得胆战心惊啊,3.333,6.667,0.471,0.471
就他还在悲愤选不上市长,3.0,7.0,0.0,1.414
因为憧憬的世界是现实,5.667,5.333,1.247,0.471
指挥孙膑和刘伯温攻占它总部网管中心,5.0,6.5,1.0,0.5
委内瑞拉政局的动荡仍在持续,3.667,5.0,0.471,0.0
跟1930年代经济大萧条时代相若,4.667,3.333,0.471,1.7
近年连学者都受牵连,2.5,4.25,1.118,1.92
其出身背景根本就与愤青所主张的相互抵触阿,3.0,7.0,0.0,0.816
波兰关系在政治议程之外甚至高于议程,4.5,5.0,0.5,1.581
即可达到兴旺避邪的目的,7.0,4.5,0.0,0.5
只能靠忙碌来麻醉自己,3.667,4.333,0.471,0.471
但还是会随机出没,5.0,6.0,0.0,0.0
只是拚命向洞里钻去,5.0,6.5,0.0,2.062
若不是眼见情郎臂骨折断,4.0,6.333,0.0,0.471
真令人心旷神怡,6.75,5.75,0.829,0.433
心中所有的烦恼和不悦立马烟消云散,6.75,6.0,0.433,1.414
体态威武步履稳重,6.667,4.0,0.471,0.816
但仍为有中国传统文化内涵的人所景仰,6.4,3.8,0.49,1.939
这让西方观察者眼花缭乱,4.0,4.333,0.0,1.7
如何履行主权在民的政治方略,5.0,3.0,0.0,1.414
是何等慷慨浩然,7.0,7.0,0.894,1.414
妈妈一定会谅解我的啊,6.5,8.0,0.5,1.0
他不仅仅是忘恩负义,3.0,7.0,0.707,0.707
当心习近平的手段,3.4,5.75,0.49,0.829
泄密中国最重可处15年徒刑,4.667,5.5,0.471,2.5
更多地渴求我吧,6.0,8.333,0.707,0.943
应该也没胆量和机会造什么孽,4.25,6.0,0.433,1.225
这并无益于大量批次编辑,4.0,4.0,0.0,1.0
一名女子和车上的五条狗全数丧生,2.0,6.0,0.0,0.0
太太健康长寿无忧无虑,7.5,4.25,0.5,0.433
让人得以无惧地向前走,6.5,5.5,0.5,1.118
但弯曲不是后退,6.5,6.0,1.118,0.707
新奇的故事来包装,6.0,2.0,0.0,0.0
所以也不是真的安眠药,5.0,5.0,0.0,0.0
而别离足以美化人生,7.0,5.0,0.0,1.0
见到有人去非礼女人,3.0,5.5,1.0,1.803
不求自己的益处,5.667,4.0,0.471,0.816
万事亨通不发愁的吗,4.25,5.75,0.433,0.829
之后疲累地睡去,4.667,2.333,0.471,1.247
虚心接受他人看法,7.0,3.667,0.707,0.471
灭绝师太为什么犯众憎,4.667,4.0,0.471,2.121
不能一跛一跛的走,4.5,5.5,0.5,1.118
风轻歌全身的肉都绷紧了,5.5,5.75,1.118,1.09
而是畸形的经济结构,3.0,4.6,0.0,1.2
症状是传遍全身的水泡型溃疡,5.0,4.0,0.0,0.0
应该是暴风捡到,4.333,5.667,0.471,0.471
今天的泪水会使明天的你更加茁壮,7.333,6.0,0.471,0.816
坚心信靠恒久靠主,6.667,5.667,0.471,0.471
总觉得有点夸大了,4.0,4.25,0.0,0.829
医生是杀父仇人还是怎么的,3.667,5.0,0.471,1.414
你的眼睛让我入迷,7.0,5.0,0.0,2.0
同时竟同性恋泛滥,3.0,5.25,0.0,1.299
你妈妈看上去非常慈祥,7.0,5.0,0.0,0.0
以前我就是混黑道的,4.0,6.0,0.0,0.816
是一年中最吉祥的日子,6.333,4.0,0.471,0.816
美干涉中国内政损人害己,3.0,5.5,0.0,0.5
我们更敬重崔老师的为人和品格,6.6,5.75,0.49,0.829
可以不要每次都把自己包装成甚么悲情女主角吗,3.333,6.0,0.471,0.816
再唆使狗城管没收罚款,4.0,4.0,0.0,0.0
巴黎圣母院上个月因大火毁损,3.0,4.667,0.0,0.471
是全世界人类的耻辱,1.5,7.75,0.5,0.433
内心将是充满谦虚与清净,7.0,3.25,0.0,0.829
纪念我军英烈保家卫国英勇抗暴捐躯啊,6.5,6.5,0.5,1.118
送礼自用两相宜,7.0,5.0,0.0,1.0
典型温情医疗剧,6.667,3.0,0.471,1.414
教派谬论横行天下,3.0,5.667,0.0,0.943
谁在隐瞒境外存款,3.4,5.75,0.49,0.829
藐视政界潜规则,3.0,5.0,0.0,1.0
我觉得家事适度就可以,6.0,5.0,0.0,0.816
独创韵雕添历史新篇,6.5,3.333,0.5,0.471
在所有的人中间颂扬不息,7.0,3.0,0.0,1.0
小英不关注下潮流是会落伍的呀,4.0,6.5,0.0,1.118
就会永远陶醉在中国是世界的中心的梦中,5.0,4.333,1.633,0.943
首部以诙谐方式暗示福尔摩斯和华生关系不一般的电,6.667,4.333,0.471,0.471
但是我很有志气,6.667,6.333,0.471,0.471
机敏远在我等之上,6.75,6.0,0.829,1.414
可优先躲避在开间小,5.5,4.0,0.5,2.0
当政府开始大量搜捕犹太人的时候,4.5,4.0,0.5,1.225
在生效最后关头,4.667,6.0,0.471,2.449
不然自己无意识违心时或许已经来不及了,3.0,5.5,0.0,1.118
汝已违犯于彼等,3.0,8.0,0.0,0.0
可是如果违抗我的命令,3.6,6.25,0.49,0.829
违约反定焉知丑,2.333,6.667,0.943,0.471
终将波及外债偿付,3.5,6.0,0.5,0.0
谈判一定会讨价还价,4.0,5.0,0.0,1.414
种种人格上的控诉,3.0,4.0,0.0,2.236
她如果贸然这样做,4.0,5.4,0.0,0.49
置香港美加欧洲侨民于险境,3.5,4.4,0.5,1.625
一只就非常草率的在撩草丛的树叶,5.0,2.0,0.0,0.816
王岐山器重明镜,6.0,3.5,1.0,2.5
郭文贵铤而走险,4.0,4.5,1.0,0.5
来遏止他们继续到处点火,6.0,5.667,0.0,0.471
终稍来寒光中的暖意,6.0,3.5,0.0,1.118
一口咬下啖啖肉软滑香甜,7.0,5.5,0.0,1.118
而取决于生平的善行,5.667,3.667,0.471,2.055
可谓是深谋远虑,7.0,4.5,0.0,0.5
我的大脑发育是这么迟缓吗,4.0,6.0,0.0,0.0
也是日常争执之所在,4.0,5.0,0.0,0.816
但会持续在推特发一些生活琐碎的事情,5.333,3.667,0.471,0.943
轻蔑从不可能变,2.5,6.5,0.5,1.5
这样的学生应该自觉退学,3.0,6.0,0.0,0.707
如果因为周边只有一项就觉得简陋,4.0,6.0,0.0,0.0
指当年无刻意剔除适用内地,4.0,3.0,0.0,0.0
这不是个合格的媒体,3.4,5.8,0.49,1.47
看到结果则变得更低潮,4.0,4.5,0.707,0.5
脱裤子放轻快屁,5.0,3.0,0.707,1.414
才会轻视五四运动的重要性,3.333,5.0,0.471,0.816
坚毅不拔的毅力,7.0,5.0,0.0,0.707
韩国被尊崇被发扬光大,7.0,5.2,0.0,2.227
逼近我朝东边边境,4.667,4.667,0.471,0.471
凝聚成妳我的余生,6.333,4.0,0.471,0.0
最后被欧蒂娜启发最后靠自己的意志走出学校,6.5,4.25,0.5,1.92
那些卫生间太难闻了,2.75,6.0,0.433,0.0
陈腐僵化的系统不会永远持续,6.667,3.667,0.471,2.055
传双方僵持不下一问题,4.0,6.333,0.0,0.943
而如果飞黄腾达后变得奢靡颓废,4.0,3.5,0.0,1.118
机舱内散落著行李箱,4.5,1.0,0.5,0.0
由他的幕僚们缝缝补补再塞进更多的棉花,5.0,5.0,0.0,0.0
女同性恋双性恋异性恋异性恋恋童癖兽性,5.0,2.4,0.0,1.356
简直让人叹为观止,6.4,7.5,1.2,1.118
每年筲箕湾东大街都会有庆贺谭公宝诞巡游,6.0,4.75,0.0,0.433
原来是有被罢官的忧患意识啊,4.0,6.333,0.816,0.943
贤慧的星星像一片积雪,7.0,3.75,0.0,1.299
看著昨晚的疑问被解答,6.5,5.0,0.5,0.707
有?长者真系老冯得过份,3.5,6.333,1.118,1.247
妳不仅没有壹丝怜惜,3.0,7.667,0.0,0.471
我的一个在上海做减低二氧化碳排放的环保,6.0,4.667,0.816,0.471
抚育了你终于成青春的脸庞,7.0,5.25,0.707,2.278
安详度过残余岁月,6.4,1.75,0.49,0.829
台湾外交方面有敌视台湾的国家存在,3.0,4.333,0.707,0.471
一看经济欣欣向荣,7.0,5.667,0.707,0.471
变成至高无上的荣耀,7.333,4.667,0.943,1.247
因为很多答非所问的段落实在太棘手,3.667,5.333,0.471,2.055
分红除可转换为乐天点数,6.0,4.333,0.816,1.7
之前路过时都人山人海,5.0,4.5,0.0,0.5
本质是为了看世界宽阔视野作品发表演说,6.5,5.5,0.5,1.118
寓意二人将一起以新身份展开新?人生,5.5,3.0,0.5,2.0
上台拿起麦克风高歌一曲,6.6,4.2,0.49,2.315
全部囚犯做宣传员得了,4.333,6.0,1.247,0.816
整个连贯动作相当戏剧性,6.0,6.0,0.0,0.0
明天早上就会确信人生的疑点了,4.6,4.4,0.49,1.625
手机可望在2019年下半年回温,7.0,6.0,0.0,1.225
温度适宜又有风吹,6.333,3.0,0.471,1.581
一副兴高采烈的样子,7.25,4.5,1.09,0.866
就是他!拿行李挡住逃生路,3.5,7.0,0.5,0.707
才是我最欠缺的武器啊,5.0,7.0,0.0,0.707
连外表都变得不再讨喜,3.0,6.0,0.0,0.707
怎么会是执政党的功绩,4.5,6.0,0.5,1.0
生酮饮食和均衡饮食,6.667,3.333,0.471,0.471
与前次的松散组织不同,6.0,3.0,0.0,0.816
世界都认为伊朗战败了,4.4,3.2,0.49,1.6
第8季第4集战胜异鬼后的庆功宴上,6.0,4.333,0.816,1.247
在国际上到处肆虐的,3.75,6.0,0.433,1.414
和进取的人在一起,7.0,4.5,0.0,0.5
直到这次他自己宣布退役,5.0,2.0,0.0,0.816
蔡英文的稳健台独才是智中之智,6.25,5.6,0.433,1.855
民选议员被褫夺议席,3.4,3.2,0.49,2.04
不留黑头肌肤超光滑,6.25,5.6,0.433,1.744
是一个地方的无价之宝,7.5,6.5,0.5,1.118
会阻塞车辆通道,4.4,4.25,0.49,0.829
现在是你蹂躏他,3.75,7.25,0.829,0.829
太郎那么赏识康一应该是把他当男人,5.5,4.5,0.5,0.5
北京可能是处在两难状态,4.0,2.8,0.0,1.47
返礼祭里斋宫做的事真的很惹毛我又让我毛骨悚然,2.667,7.667,0.471,0.471
一次一次又一次地遗弃,3.0,4.333,0.0,0.471
哀悼与团结的曲线,5.0,3.5,0.0,1.5
为当时前线的人民子弟兵敬礼,7.0,4.667,0.816,2.494
那次海滩上游客稀少,5.0,3.75,0.0,0.829
感人的歌声优美动听,7.5,6.0,0.5,0.707
那不是超肥胖的吗,3.5,7.0,0.5,0.894
草包没有审慎评估就降为乙等,2.333,5.0,0.471,0.816
处于暧昧状态但还没结婚,5.0,3.333,0.816,1.247
支那一点坏处都不会有的,4.4,5.75,1.356,0.829
也恐将掐断他们最珍视的,3.0,7.0,0.0,0.707
那些加害者和共犯集团的成员及其血缘或精神后裔,4.5,3.0,0.5,1.0
会长年占用堆填区的空间,3.75,4.75,0.433,0.829
都是整件事的加害者,3.0,5.5,0.0,1.118
忙碌的现代人学得简易按穴法,5.6,4.5,0.49,0.866
我也就心灰意冷,2.667,4.333,0.471,0.471
却看著摇摇欲坠的模样心生胆怯,3.4,5.2,0.49,1.47
一个失手就是下辈子再见了,2.75,5.8,0.433,1.6
能掀起什么大风大浪呢,4.667,4.667,0.471,0.471
越是艰险越向前,7.333,6.667,0.471,0.943
最催眠的莫过于艰涩,5.0,3.75,0.894,0.433
30即将要开采啰,5.0,4.333,0.0,2.494
为我们应援的所有人致上谢意,7.4,6.0,0.49,0.707
这篇文章把韩粉习性深度剖析到出神入化的地步,6.25,6.5,1.299,1.5
涉及社会全方位的弊病,3.5,3.75,0.866,0.433
这么激烈肉质一定很鲜美,7.0,6.0,0.0,2.0
每一刻都是时髦者的独苗,6.0,3.75,0.707,1.785
简姓爸爸上网求助,5.0,1.333,0.0,0.471
发现楼在垂直下陷,3.6,6.0,0.49,1.0
从广阔无边的网路世界四面八方收集而来,5.333,4.333,0.471,0.471
原本意气风发的人愣了愣,4.0,5.0,0.0,0.0
留下的却不是沈重,5.333,2.667,0.471,1.7
懒懒散散又一年,4.0,3.0,0.0,1.581
这冰淇淋蛋糕有够难吃,3.0,7.0,0.816,0.816
看起来倒像是寄生虫卵,4.4,4.6,0.49,0.49
但为什么这么难熬,3.5,6.25,0.5,0.433
看到第四季总算有点禷i了,4.333,4.5,0.471,1.118
住在旅馆被警察半夜突袭,3.0,5.0,0.0,0.707
建议找后路撤退,5.0,4.0,0.0,1.581
当白日总是太严酷,3.5,5.0,0.5,1.581
海浪声不断带给我灵感,6.6,4.25,0.49,0.829
在盼与忧之间踌躇,3.5,4.25,0.5,0.829
看了就不敢恭维,4.0,5.2,0.0,1.6
都会欢天喜地的赶快去量体重呢,6.75,6.4,0.433,1.744
衣服全白计划宣布暂停,4.667,4.667,0.471,1.247
但饼干类不得他欢心,4.0,4.5,0.0,0.5
我与妳分隔两地,4.667,2.0,0.471,1.414
就是我的抵抗策略,5.667,5.667,0.471,2.867
冀望能和长达九年的考试生涯告别,6.333,6.0,0.471,1.633
看到一条条关于我虚假的流言蜚语,2.75,3.75,0.433,1.479
将依公投废止条文和废核游行两件事并陈,5.0,4.0,0.0,0.0
牛油胶有时会产生变质或是位移的状况,4.667,4.0,0.471,0.816
他是一个多才多艺的人,6.333,5.0,0.471,0.816
五位警花联手很费力才拿下男子,5.0,7.0,0.0,1.0
这种随心的畅快,7.0,5.25,0.0,0.829
女子遭凌虐肢解,2.0,6.5,0.0,0.5
我怎么可能胜任,3.0,6.333,0.0,0.471
脖子上系著加重的锚,3.5,4.25,0.5,0.433
很乖很温顺一直在我脚边闻闻还让我摸摸而黄,7.0,5.25,0.0,0.829
被角斗士灵巧挡下来,5.0,4.5,0.0,0.866
真的是每次测出来后就能感受到其实普通人的味觉还是蛮不灵敏的,3.667,4.0,0.471,2.16
日常中的不寻常,4.667,3.0,0.471,1.633
医院经理赞演出壮丽辉煌,7.0,6.0,0.707,0.707
论当场心肌梗塞的可能233,3.667,1.333,0.943,0.471
是坚守不屈不挠的光环,7.333,6.667,0.471,0.943
这种被窜改内容或被迫改变的案例不只台湾出版物,3.5,5.75,0.5,0.829
关于那些受难者,4.0,3.25,0.0,1.785
我其实不讶异孩子的言谈,5.5,4.333,0.5,0.471
时间只能改变那些原本就不够坚固的东西,4.667,5.333,0.471,1.247
不至合意于米中协议,3.667,4.667,0.471,0.471
第二次世界大战后的瓜分,4.0,5.0,0.816,1.414
寒塔兴致冲冲的跑来找我,6.0,7.0,0.707,2.121
关于饰演各位国手的人选也一直悬而未定,4.333,4.0,0.471,1.414
同样不予以置信,4.0,5.667,0.0,0.471
在各界砸郭人士群策群力,4.333,4.667,0.471,1.247
选举时期的轻忽,4.0,3.25,0.0,1.785
我一点都不隐密,5.333,3.667,0.471,1.247
艾而欧语补习班无预警停业,3.0,5.667,0.816,2.494
此举可以看做是美国特朗普政府上台以后为遏制中国的膨胀而采取的印度太平洋战略的具体且实质性的行动,6.0,4.5,1.0,1.5
台男真的很难取悦,3.0,6.5,0.894,0.5
其实就连美国也是一直是在两者之间来回摇摆的,5.0,4.667,0.0,0.471
当精神紧迫到一个程度,4.0,7.333,0.707,1.7
民主制度是一台设计精巧的机器,6.667,4.667,0.471,0.471
生在一个丧偶式育儿家庭,3.0,4.8,0.0,2.135
甲骨文中国裁员内情,4.0,4.667,0.816,0.471
美国必须撤销所有额外增税,4.5,6.0,0.5,1.581
中方决不屈服于美方极限施压,4.667,3.667,0.471,2.055
到用充足的报酬提供富足和归属感,6.0,4.75,1.414,1.299
突然有点百感交集,4.0,5.8,0.707,1.47
将人生投于赌博的赌徒,4.0,4.5,0.0,0.866
让农地违章工厂取得永久居留权,4.0,4.333,0.0,0.943
长辈们喜出望外,7.0,4.8,0.0,2.135
他寻求初步禁令,5.0,2.75,0.0,1.479
在厌食和暴食中找不到平衡,3.4,5.75,0.49,1.479
里面的地图材质摸起来也很耐用,7.0,3.6,0.894,1.744
蓝芽音响冲去市区送回修理,4.667,5.667,0.471,0.471
生活不是等待暴风雨过去,5.333,5.0,0.471,0.816
的缔造标准必定是,5.0,3.8,0.0,2.315
真是杰出的一手,7.4,6.5,0.49,0.5
微机械是基于晶片制造技术的精密机械,5.0,2.5,0.0,1.5
郭文贵可敬可嘉,6.25,6.0,0.433,0.707
但偶会默默避开这类角色就是,5.0,4.5,0.707,0.5
虞大大慰问五毛弟兄,5.667,4.0,0.471,0.816
早已过了争风吃醋,4.6,4.0,0.49,0.707
跨党派脱欧妥协谈判受挫,3.0,5.25,0.707,0.433
见证与侨界坚韧情谊,6.6,4.6,0.49,1.356
彰县府向妈妈们致意,6.0,5.0,0.0,0.0
却被视为颠覆国家政权暴动事件,2.5,7.0,0.5,0.707
其不过是牲畜恶共的殉葬品,2.0,6.5,0.894,0.5
的比分结束了屠宰场,4.667,4.0,0.471,0.816
近视眼都能看清,5.75,5.5,0.829,0.5
严谨地遵循分形几何从而演化为类似成体的形状,5.667,4.333,0.471,1.7
凡事不要执著固守两位老少个性难处,4.25,4.0,0.433,1.414
王法官因工作突出多次获得中共的嘉奖,7.0,4.5,0.0,0.5
后世多以突出压倒性威严为核心,4.667,4.667,0.471,1.886
然后因为马声望下降民进党攀升的政治能量,5.0,4.333,0.816,1.886
反悔也只有反悔之人声望下降的效果而已,3.5,4.333,0.5,0.943
微信三天不新增会失效,4.333,3.333,0.471,1.7
是呼唤或是抒情,5.5,4.667,0.5,0.471
与生俱来的警觉和生存本领,6.0,3.6,0.0,1.855
其实很难能可贵,7.0,4.75,0.707,2.586
均匀度的火箭飞机都能造,6.4,5.25,0.49,0.829
没有充份理由加息或减息,4.5,3.5,0.5,2.062
外交国安是总统职责,5.0,3.333,0.0,1.7
我给香港特首老同事的一句劝告,4.667,4.333,0.943,2.055
感觉嗓子都可以喷出火了啊,4.5,4.5,0.5,1.5
热中催生能改变世界的计划,6.0,5.0,0.0,0.816
其航行最高时速四十四节约七十多公里,5.0,2.75,0.0,0.829
是福气而引起轩然大波之后,4.0,3.0,0.0,0.0
争做文明有礼萧山人,5.5,5.25,0.5,0.829
整个中国汽车市场就不景气,3.5,5.25,0.5,0.829
倒也足以列入神作殿堂,6.333,5.0,0.471,0.707
连牛奶都未加热,4.0,5.5,0.0,0.5
不因大众的注目而刻意献媚,6.5,4.667,0.5,0.471
也不向愚昧低下头颅,5.0,5.0,0.0,0.0
所得税生涯免除,6.5,2.8,0.5,1.6
过去美国总统及其他国家一直在助长中共这恶势力,3.75,7.25,0.829,0.829
是一种先入为主的刻板印象,3.333,4.667,0.471,1.247
且工业类别详尽,6.333,4.6,0.471,0.49
鉴赏等诸多才艺于一身,6.6,4.5,0.49,0.5
这一词我觉得较为妥当,6.667,5.0,0.471,0.0
后遗症是总有梦魇盘旋,3.0,5.667,0.0,0.471
再搭配有光泽的底妆,6.0,4.0,0.0,0.0
今年年初移植后复发,3.0,4.2,0.0,1.47
香蕉人天天舔人家屁眼,2.0,8.0,0.0,0.0
三者合一便构成如此风流雅致的姿态,7.0,6.0,0.707,0.0
负有政治辅导责任的教师,6.5,2.0,1.118,0.816
老师们难免满腹怨言,4.0,4.4,0.0,1.744
逢此殊胜日请尽力行善,6.0,6.0,0.816,2.16
骑上健壮的俊马,6.667,4.0,0.471,0.816
丰顺安康的祈福,7.0,4.75,0.0,0.829
偏东风晴朗炎热,5.667,2.333,0.471,0.471
昨晚下了那样的暴雨,4.333,5.0,0.471,0.816
每一条都是特许中国,4.0,6.25,0.0,0.829
而不是退缩至墙角被人屠戮,3.8,6.5,0.98,1.118
如梦般迷离又明晰,6.0,4.667,0.816,1.886
发总统褒扬令给台共战士黄圳岛,6.333,3.333,0.471,1.247
邮政传情欢庆母亲节,6.667,3.0,0.471,0.816
因此中共设法耐心劝阻引导那里的人改吃狗肉,4.5,5.667,1.118,0.471
至今依然吃人肉民风猖獗,3.333,5.0,0.471,0.816
我从来没见过一个专心于自己成就的人每天被家人之间的矛盾弄得心神不宁,3.667,6.667,0.471,0.943
表面上情投意合,4.0,4.667,0.0,0.471
我在微博经常提到天涯历知幸咪蒙的火爆,5.0,4.333,0.0,2.055
是展现在它负势向上高耸入云的蓬勃生机中,6.4,4.2,0.49,1.47
哪有权力的集中和为所欲为,3.0,4.75,0.0,0.829
跪成化石也没用,3.5,4.75,0.5,1.299
某些产品可以豁免,6.25,4.0,0.433,0.707
入贸协首肯照规,5.0,1.0,0.0,0.0
还是用刀片式吉利泡沫就,5.0,5.333,0.707,0.471
还在这洋洋自得,3.667,6.333,0.471,1.247
这两个不相等的懂吗,3.5,7.0,0.5,0.0
可支那的地盘49年以来一直在缩小,3.333,5.333,0.471,1.247
或者胡德平的妻子现在光彩集团董事长王颖吧,5.0,4.5,0.0,0.5
都是望子成龙望女成凤的,6.0,6.0,1.0,1.0
和其小助手帮我捏的人设们,5.25,3.0,0.433,0.894
只要我们宣传得力,6.0,5.75,0.0,1.299
小人醉心于个人名利,3.0,5.0,0.0,0.0
那么这个王国就会永远繁盛下去,7.0,5.25,0.0,0.829
画画的时候脑海里浮现在我受难的时候,4.0,4.6,0.0,1.744
末世当防备法利赛人的酵,3.0,4.0,0.0,0.0
印出来也比较细致,7.0,4.5,0.0,0.5
无你老豆咁咪无依家?你啰,5.0,5.0,0.0,0.0
唔理个塔大技紧要,5.0,4.0,0.0,0.0
美国终于出了个敢于与中共较劲的商人总统川普,6.4,7.25,1.2,1.299
手表批发一件代发,5.0,3.0,0.0,2.0
漫无目的的游荡,4.333,3.667,0.471,0.471
灵苗尚自无均等,4.667,3.667,0.471,1.247
而且我没有精细度,4.5,2.5,0.5,1.5
的理念奋勇向前,6.0,4.0,0.707,2.739
子瑜本人像仙女一定是无庸置疑的,8.333,8.667,0.471,0.471
无论是你心虚的激昂陈词,3.6,6.0,0.49,1.414
只是感觉镜头可捕捉,5.0,3.2,0.0,1.47
仲要为自己日日加班忙碌引以为傲,5.333,6.0,0.943,0.816
逼仄狭窄的西班牙人区,3.4,5.25,0.49,0.829
桑塔露琪亚的小船在摇晃,5.0,2.25,0.0,1.299
街上所有车子都很有耐性的等他们离开,6.0,5.0,0.0,0.0
如果大家都生活富足了,5.5,4.0,0.5,1.0
我也感到与有荣焉,6.5,5.2,0.5,1.47
能让我看到兔子被偶像点名债D的表情,6.0,4.333,0.816,2.494
她传统文化的造诣,6.0,5.333,1.0,0.943
完全感觉不到丝毫的科学性,4.0,4.5,0.0,0.866
我真的是用尽各种方法买了无数,5.0,7.0,0.707,0.816
我家杂物间都要堆起满满全新只用过一分钟的灯管了,4.333,5.667,0.471,1.247
奋发牛得心应手,6.667,6.333,0.471,0.471
但油炸后分解更多的芳香脂类物质,5.0,3.6,0.707,1.2
这趟旅程真的不怎么令人尽兴,3.0,4.667,0.816,0.943
延迟的工作进度啊啊啊,3.4,8.0,0.49,0.707
然后梦中把舌头脸颊咬得都是破洞,4.0,4.75,0.707,0.829
现在下定论还是为时过早,5.0,5.25,0.0,0.829
你地唔使灰心㖞,3.75,6.0,0.829,1.414
偶尔在阴雨绵绵的夜晚,4.4,3.25,0.49,0.829
孙立勇就是独裁专制的不法之途,3.0,6.0,0.0,0.0
我们家去参加了表叔女儿的喜宴,6.5,4.0,1.5,1.0
报喜不报忧都唔系第一次?事啦,5.5,6.5,1.5,0.5
司法部扣留北韩货船抵美属萨摩亚,4.5,3.0,0.5,2.0
卷宗丢失调查取得进展,5.667,3.333,0.471,1.7
4军事政变推翻反人类,4.0,6.0,0.816,1.414
有时条裙条裤短少少,4.333,3.333,0.471,0.943
刘特佐在外风流快活,3.75,4.0,0.829,0.707
唯有两条街道卖淫嫖娼的违建至今违建不拆,2.667,5.0,0.471,1.414
富丽堂皇假炫富,3.75,6.0,0.433,0.707
控告中央选举委员会,3.667,5.0,0.471,2.449
重庆市万州区人民法院开庭审理了一起敲诈勒,4.667,4.333,1.247,1.7
刚进去的时候全家呼天抢地地喊冤,2.5,8.5,1.5,0.5
李倩怡潜逃至台湾首度发声,5.333,3.333,0.471,0.471
请给捷克广告委员会发一封异议邮件!,4.0,5.75,0.707,1.785
南华早报才是党内派系的传声筒,4.6,5.5,0.49,1.118
今天我和老公不约而同的默默看著女儿和另一个小孩相撞,4.0,4.0,0.0,0.0
还会脱力到直接昏倒,4.0,5.5,0.0,0.5
曾经有过一个很轰动的帖子,5.0,8.5,0.0,0.5
一系列目标上倍下赌注,5.0,4.0,0.0,1.0
也只能继续用我纤细的双手,5.0,3.0,0.707,1.581
为了突显自己的清高,3.667,6.333,0.471,0.943
之后梁某抢夺拉拽方向盘,3.75,6.25,1.299,1.785
男子以身体人肉挡车门令列车受阻,4.0,4.6,0.0,1.855
态度不是像川普直呛文雅些,6.0,6.0,0.707,0.707
欲根除基督教信仰,4.0,4.667,0.816,2.625
还记得团委从我手里抢走的五块钱,4.0,4.0,0.0,0.816
当时以色列南部发出空袭警报,3.4,2.5,0.49,1.118
终于不是万年负数,6.5,6.0,0.5,0.707
同样的战术窘境,3.667,3.667,0.471,1.886
在荒废之地找出生,5.5,4.5,2.5,1.5
焚烧橡胶产生大量浓烟影响全市空气品质,3.0,4.4,0.0,1.744
火势终于在今天清晨4点多扑灭,5.0,4.333,1.414,2.357
本次万安演习不会有手机警报,5.0,2.0,0.0,0.707
少年聚众喝酒起口角,3.0,4.25,0.0,1.92
修改法规又冗长费时情况下,3.5,3.5,0.5,1.5
淡北道路未知数,4.5,4.0,0.5,0.816
倾倒出异香盈室的酒液呈现乌金色,5.333,4.0,0.471,2.121
除非他已经丢辞呈出去了,3.667,5.333,0.471,1.7
如果大陆用美国这套混帐制度,3.0,6.5,0.0,0.5
但你一辈子都是残废,3.0,6.0,0.707,0.707
热切期待尽早实施,6.5,6.4,0.5,1.744
令香港陷于万劫不复之地,3.0,5.5,0.894,0.5
一定要他超凡入圣才肯向他下跪,4.5,5.667,0.5,0.943
这就是我们心仪的美国总统,6.667,5.667,0.471,0.943
照耀著所有阴霾,6.5,5.5,0.5,0.5
否则这辈子的后果堪虑啊,3.0,7.0,0.0,1.0
于是三重厚道就指著我说,5.0,6.0,0.0,2.0
怎么了有什么地雷吗,4.0,5.0,0.0,0.816
现在就日本人大喜,7.333,5.667,1.7,2.494
不以为然的奇事多了,4.6,5.0,0.49,0.707
被犯规很少有哨,5.333,4.333,0.471,0.471
把内战责任完全推给国民政府称国民党撕毁了政协协议,3.5,6.0,0.5,0.816
有大夫说是心血管痉挛,4.0,6.0,0.0,0.0
这比言论审查更退步,3.0,5.25,0.0,1.479
玷污国家形象不知耻,2.333,7.0,0.943,0.0
由于水果价格浮动,4.0,4.333,0.0,0.471
可说是普世欢腾,8.0,6.2,0.894,2.04
但是进展太迟缓,3.0,5.5,0.0,0.5
则是悠哉地俯瞰风景翱翔,6.333,4.667,0.471,0.471
不能被负面能量冲昏头迷失自我,6.0,5.667,1.633,2.055
当年俺也是暴徒,4.8,6.25,1.833,0.433
少来挑拨离间这一套了,3.6,6.25,0.49,0.433
把残骸秘密放置中共驻南大使馆地下室,5.0,6.0,0.0,2.0
宅宅的钱包也不堪负荷,3.75,6.0,0.433,0.0
流失血液里的执著,4.5,4.5,0.5,0.866
而且放在客厅乏人问津,4.0,4.75,0.0,0.829
延缓经济垮塌的程序,6.0,3.75,0.0,1.299
妈啊我担负不起,2.5,7.5,0.5,0.5
但还是有点点泄漏一声,4.0,3.5,0.0,1.5
还是另有图谋呢,4.0,5.667,0.0,0.943
女配压倒性比原女主美,6.5,4.8,0.866,2.04
无论既遂或未遂,4.333,4.333,0.943,1.7
飞机其他部分和失事原因以及飞行员下落依然是个谜,3.333,3.25,0.471,1.785
事出反常必有妖,4.0,5.75,0.0,0.829
如果你们沃草连手机民调的弊端都看不出来,2.5,6.75,0.5,0.829
施以狮虎式的教育,4.333,5.0,0.943,2.16
美国和英国共谋语文建议,5.4,3.2,0.49,1.6
西语裔男8大道行窃,3.4,3.5,0.49,0.5
低浓度阿托品眼药水可减学童近视加深速度七成,6.5,5.5,0.5,1.118
你们共匪军舰自己炸毁了,5.333,5.0,1.247,1.633
一夜清寒侵幽巷,5.0,3.0,0.0,1.673
说著言不由衷的谎言,3.0,3.75,0.0,1.09
说点万念俱灰的话,3.5,5.25,0.5,0.829
比起除地上的杂草,5.0,2.333,0.0,0.471
被泰国政府查禁,2.5,3.25,0.5,1.09
毕竟跟病菌一样,3.333,4.333,0.471,1.247
人格塌陷的恶棍,3.667,5.0,0.471,0.0
卡在时间裂缝的男人,5.0,2.667,0.0,1.247
主子们分赃不均吵吵架是常态,3.5,5.0,0.5,0.0
纸束纸束败北者,4.0,5.0,0.816,0.816
早上去耳鼻喉诊所看说我可能是耳石脱落,4.0,3.0,1.0,1.0
今天有只拉布拉多很机灵,6.6,4.0,0.49,0.707
我看我自己做菜有碍到人,4.0,5.75,0.0,0.433
结果就只是单纯的不欢而散,3.0,5.0,0.0,0.816
王莽谦恭未篡时,7.0,1.0,0.0,0.0
当时的台湾太富饶,5.0,4.2,1.789,1.833
而被蒋介石觊觎,4.0,3.0,0.0,1.633
但是我已经头昏到一个快昏倒,3.0,7.0,0.0,0.816
的算写的工整的了,6.0,4.5,0.0,0.5
市长引咎辞个职先吧,3.333,6.0,0.471,0.0
最近开始找回神魔的热忱,6.0,5.75,0.0,0.829
而今如履薄冰的句句诺言,3.333,5.667,0.471,1.886
中华民族可会一蹶不振,3.333,5.0,0.471,0.816
去剪头发被设计师说看动物星球频道感觉很博学,6.667,4.333,0.471,0.943
郝安祥到徐寅筌家,5.0,2.8,0.0,1.833
让他的心变得率直,6.6,4.2,0.49,1.47
妳算是知性型的女仆,6.75,3.0,0.433,1.414
意犹未尽的满载而归,7.0,6.25,0.0,1.299
只是比起波澜壮阔,4.333,4.333,0.471,0.471
就应该直截了当表达,5.5,4.4,0.5,2.417
潘家铮等德高望重的科学家,6.333,5.0,0.471,0.816
不为浩瀚天宇的熠熠星辉而迷乱,6.5,3.5,0.5,2.062
一位哲人曾说过,5.0,1.333,0.0,0.471
这两个家伙真的情比金坚鹣鲽情深,7.0,5.25,0.0,0.433
活得这么直线真是羡煞人也,6.6,5.25,0.49,0.433
其实嘟嘟站起来是不胖的,6.0,2.333,0.0,1.886
某王爷意味深长地勾了勾唇角,4.667,4.667,0.471,1.7
我们承衍是个很有才气的孩子,7.0,5.5,0.0,0.5
日久生情百年难遇,6.0,6.0,0.707,1.0
和圣徒洛中九老会,5.0,2.8,0.0,1.6
我觉得只是被放在旁边的泰泰很安适了真的,5.667,4.333,1.247,2.055
贤明女子学院高校生,5.333,3.667,0.471,1.247
当时大家的焦点在于会否动武,5.0,4.333,0.0,2.055
而以为中国资金可以带动迟滞的欧陆经济,4.0,5.0,0.0,0.0
五四谣传北洋政府要签协议,5.0,3.5,0.0,2.5
邀请你一同探索潜藏内心,6.0,3.667,0.816,1.247
美国有军人被共产党俘虏,4.0,6.0,0.0,0.816
让大量低频率人类退场,4.333,4.0,0.471,2.16
这样的行为不容姑息,5.333,6.667,2.055,1.7
老了少了睪固酮就少了冲劲,4.333,4.333,0.471,1.247
也会来问一句都感到很窝心,7.0,4.667,0.0,1.247
要让邪教信众戒除邪教,6.667,5.333,0.471,1.247
有海纳百川的雅量,8.5,4.4,0.5,1.744
霸权背后的悲悯与施舍,3.0,4.5,0.0,0.5
我点著头很庄重地点著头,6.5,5.75,0.5,1.299
这是何等悦耳的声音,7.6,5.25,0.49,0.829
但这是虚无的诗意,4.667,3.333,0.471,1.247
只有你这爷们弄到精疲力尽,4.5,6.0,0.5,0.816
平心静气太难了,4.0,5.667,0.0,0.471
恭敬顶礼本师大悲尊,7.0,7.0,0.0,0.0
你一定认识一些勤勉持家的女性,6.0,4.333,0.0,2.055
要赠送经过开化寺注生娘娘加持,6.333,4.0,1.247,1.414
1948年中国物产丰饶,6.5,3.0,0.5,2.0
虽然这版本的多罗罗一样刚毅的个性像爸爸,4.75,4.4,0.433,1.625
万物繁茂的季节,8.0,3.5,0.707,0.866
是寂静角落育出的的渴盼,5.667,5.333,0.471,0.943
建国你多担待点,5.0,4.0,0.0,2.16
因点状衣更显腹部丰腴,4.0,5.0,0.0,0.707
彭斯副总统一样有决断力和执行力的议员,6.5,6.0,0.5,0.816
有些人就是选择性失明,3.0,6.5,0.0,0.5
它的裂痕始终存在,3.0,6.25,0.0,1.299
这场相互利用的关系很快就将结束,3.667,6.0,0.471,0.816
黑社会上门闹事,3.0,5.75,0.0,0.829
共和党胜选的可能性渺茫,3.5,3.75,0.5,1.299
也可以在一定程度上抵消更高关税所带来的成本,6.333,4.333,0.471,0.943
你不用避重就轻啦,3.667,6.333,0.943,0.471
大量狗官携巨款外逃不敢追捕,1.667,7.667,0.471,0.471
而且不受防火墙阻隔,5.75,5.25,0.829,0.829
并质疑窒碍难行,4.0,4.667,0.0,0.943
所幸柜子看起来还是蛮牢固的,6.0,5.25,0.0,1.09
从你嘴里说出简直像天籁,7.0,6.333,0.0,0.471
这不算是简朴吧,4.4,5.75,0.49,0.829
虽然他说这当消遣,4.4,4.75,0.49,0.433
用在生活激荡不同的美感,7.0,3.667,0.0,0.943
我应该多产点粮,5.5,3.2,0.5,1.6
的推总会有莫名的喜感,7.0,6.0,0.0,0.707
一贤人进则望治,7.333,6.0,0.471,0.0
贝勒爷您是已经被天霸的美貌俘获了哟,6.333,6.667,0.471,0.471
万事只求半称心,5.667,2.333,0.471,0.471
伊斯兰看看这牌坊立的多么贞洁,6.0,5.0,0.0,0.0
燕施恩走出医院的那段话太揪心了,3.0,7.0,0.0,0.707
总有少量虔信的人不吃他们那一套,4.5,5.0,0.866,1.225
原来是这样练成的,5.667,5.0,0.471,0.816
越是觉得自己很厉害而自满的人,4.333,5.333,0.471,1.247
